Unnamed: 0,ID,Equation,reaction_ids,pathway,compartment,glucose_flux,glucose_std_err,glucose_LB,glucose_UB,glucose_ΔB,glycerol_flux,glycerol_std_err,glycerol_LB,glycerol_UB,glycerol_ΔB,oleic_acid_flux,oleic_acid_std_err,oleic_acid_LB,oleic_acid_UB,oleic_acid_ΔB,glucose_pFBA_flux,glucose_pFBA_95_LB,glucose_pFBA_95_UB,glucose_pFBA_10_LB,glucose_pFBA_10_UB,glycerol_pFBA_flux,glycerol_pFBA_95_LB,glycerol_pFBA_95_UB,glycerol_pFBA_10_LB,glycerol_pFBA_10_UB,oleic_acid_pFBA_flux,oleic_acid_pFBA_95_LB,oleic_acid_pFBA_95_UB,oleic_acid_pFBA_10_LB,oleic_acid_pFBA_10_UB
uptake,uptake,Glucose + ATP -> G6P,reverse_EX_glc_e,substrate_uptake,cytosol,100.0,23879.0,100.0,100.0,0.0,,,,,,,,,,,100.0,100.0,100.0,100.0,100.0,0.0,0.0,0.0,0.0,0.0,0.0,0.0,0.0,0.0,0.0
uptake,R3 glyc3p,GLYC + ATP -> Glyc3P,reverse_GLYCt,emp,cytosol,,,,,,100.0,4.9118e-10,100.0,100.0,0.0,,,,,,0.0,-6.745562130196,0.0,-107.716840053744,0.0,100.0,100.0,100.0,100.0,100.0,0.0,-16.93877551088,0.0,-247.59069440955,0.0
uptake,R3 dhap net,Glyc3P <-> DHAP + UQH2,,emp,cytosol,,,,,,100.0,4.9118e-10,100.0,100.0,0.0,,,,,,,,,,,,,,,,,,,,
uptake,OA uptake,OA + ATP -> 9*ACCOAcyt + 7*NADH + 7*FADH2,OCDCEAt,substrate_uptake,cytosol,,,,,,,,,,,100.0,2.2011e-11,0.0,0.0,0.0,0.0,0.0,0.0,0.0,0.0,0.0,0.0,0.0,0.0,0.0,100.0,100.0,100.0,100.0,100.0
glycolysis/gluconeogensis,R4 net,G6P <-> F6P,PGI,emp,cytosol,17.8093,4252.8,13.4786,21.3566,7.878,-12.29,5.8565,-23.5032,-2.2969,21.2063,-151.6655,10.9487,-165.8804,-1.3939,164.4865,35.574484607638,-57.432340672094,88.758671752101,-460.442085516361,98.816702289698,-27.963947641371,-46.039862813901,-4.605589786349,-175.003114222793,-0.484798924877,-30.70131072355,-374.96571837071,-29.166245187380003,-1158.03201132361,-3.07013107235
glycolysis/gluconeogensis,R5 net,F6P + ATP <-> FBP,PFK or reverse_FBP,emp,cytosol,68.0875,16259.0,66.6504,69.2727,2.6222999999999956,-6.6656,1.91,-10.3212,-3.4075,6.913699999999999,-62.8209,3.6611,-68.0848,-14.682,53.4028,38.629378956131,-85.500000000251,145.421145918518,-1000.0,1000.0,-18.670033218953,-55.369980972126,25.657705102754,-508.751655110728,506.553316234751,-69.43725876946,-377.21539584484,245.28460416803003,-4540.46164921936,4526.57419746532
glycolysis/gluconeogensis,R6 net,FBP <-> DHAP + GAP,FBA,emp,cytosol,68.0875,16259.0,66.6504,69.2727,2.6222999999999956,-6.6656,1.91,-10.3212,-3.4075,6.913699999999999,-62.8209,3.6611,-68.0848,-14.682,53.4028,38.629378956131,-85.500000000321,74.575449709939,-939.307964887989,97.323731548413,-18.670033218953,-55.369980972141,-10.416478067022,-508.751655109808,-1.096471375476,-69.43725876946,-377.21539583002,-65.96539583099,-4540.461649226901,-6.94372587697
glycolysis/gluconeogensis,R7 net,DHAP <-> GAP,TPI,emp,cytosol,68.0875,16259.0,66.6504,69.2727,2.6222999999999956,93.3344,1.91,89.6788,96.5929,6.914100000000005,-62.8209,3.6611,-68.0848,-14.682,53.4028,54.583426311608,24.778221312896,73.508558787645,-124.631872710627,97.211427240798,80.869854274157,75.334990708909,89.146415051431,9.274215223276,98.857517373827,-72.35105587521,-185.44260442336,-68.73350308137,-603.25466760532,-7.23510558743
glycolysis/gluconeogensis,R8 net,GAP <-> G3P + ATP + NADH,GAPD,emp,cytosol,158.5742,37867.0,157.1426,159.7746,2.632000000000005,87.9222,1.8212,84.4387,91.0275,6.588800000000006,-88.6622,3.7168,-95.291,-44.5043,50.786699999999996,125.955289226664,97.581491082191,146.311828556953,-30.162005259924,194.348613532297,69.140861680665,63.986121645639,78.003872087613,8.085458510401,97.68461811448,-146.6283340637,-256.00601870093,-139.29691736051,-610.6823954226099,-14.662833405439999
glycolysis/gluconeogensis,R9 net,G3P <-> PEP,ENO,emp,cytosol,150.5627,35954.0,149.8699,151.3211,1.4512,82.4971,1.755,79.059,85.5244,6.4654000000000025,-118.076,3.8298,,-78.6386,,116.254215322452,42.39782019871,146.311828556948,-352.676234300051,194.348613532301,39.780984775493,17.791935535451,55.56971331563,-170.744437814701,97.684618114476,-146.6283340637,-263.79691736013,-139.29691736041002,-1815.4086007556898,-14.662833406239999
glycolysis/gluconeogensis,R10 net,PEP <-> PYRcyt + ATP,PYK,emp,cytosol,136.4461,32583.0,135.5554,137.8096,2.2541999999999973,74.4661,1.6239,71.2799,77.2686,5.988700000000009,133.2313,20.4839,-2.4959,186.4745,188.9704,113.381707978565,39.668938221987,205.316249040206,0.0,1000.0,38.604114018544,16.673908316343,74.313825243044,0.0,589.992079666136,0.0,0.0,311.25000001443,0.0,4533.51792334255
glycolysis/gluconeogensis,R32,OAAcyt + ATP -> PEP + CO2,PPCK,anaplerotic,cytosol,1.4085e-06,2.0541e-10,0.0,1.058,1.058,1.3956e-06,6.6981e-11,0.0,0.6221,0.6221,289.6524,22.1777,118.4212,307.635,189.2138,0.0,0.0,85.500000000234,0.0,913.711554971163,0.0,0.0,36.07418316979,0.0,507.649787610178,154.08121255339,146.37715192554998,457.62715196179,15.40812125537,4548.92604458345
pentose phosphate,R11,G6P -> PG6 + NADPH,G6PDH2,pentose_phosphate,cytosol,82.1907,19627.0,78.6431,86.5215,7.878399999999999,12.29,5.8565,2.2969,23.5032,21.2063,151.6655,10.9487,1.3939,165.8804,164.4865,52.59253828931,0.0,146.191012424241,0.0,559.258787806411,23.115958392582,0.0,41.434273027552,0.0,174.518315298312,0.0,0.0,345.79947318658003,0.0,1154.96188025139
pentose phosphate,R12.2,PG6 -> Ru5P + CO2 + NADPH,GND,pentose_phosphate,cytosol,82.1907,19627.0,78.6431,86.5215,7.878399999999999,12.29,5.8565,2.2969,23.5032,21.2063,151.6655,10.9487,1.3939,165.8804,164.4865,53.430653825767,0.796209759634,146.987222183831,0.083811553646,559.342599359658,23.459335640303,0.326208385334,41.760481412945,0.034337724771,174.552653022502,2.17453691348,2.06581006781,347.86528325101006,0.21745369135,1155.1793339425699
pentose phosphate,R13.2 net,Ru5P <-> R5P,reverse_RPI,pentose_phosphate,cytosol,31.9125,7620.5,30.7273,33.3496,2.6223000000000027,6.6656,1.91,3.4075,10.3212,6.913699999999999,62.8209,3.6611,14.682,68.0848,53.4028,20.712726634559,3.022786511215,51.753123985967,0.31818805381,222.161488005254,9.00894090328,1.238440367132,15.049864709666,0.130362143907,89.713664294468,8.255564279,7.842786065,124.55188740743,0.82555642789,596.84511844581
pentose phosphate,R14.2 net,Ru5P <-> X5P,RPE,pentose_phosphate,cytosol,50.2782,12006.0,47.9137,53.1734,5.259700000000002,5.6244,3.9466,-1.1094,13.1814,14.2908,88.8446,7.2948,-13.3282,97.9336,111.2618,32.717927191208,-6.46687327764,95.234098198056,-137.59247410489,372.604815370524,14.450394737023,-3.306590932961,26.710616703244,-69.509217678548,116.249519112825,-6.08102736551,-30.430441344419997,224.75600612451,-383.20107275585997,769.3664840976201
pentose phosphate,R15.2 net,X5P <-> GAP + TKC2,TKT1 or TKT2,pentose_phosphate,cytosol,50.2782,12006.0,47.9137,53.1734,5.259700000000002,5.6244,3.9466,-1.1094,13.1814,14.2908,88.8446,7.2948,-13.3282,97.9336,111.2618,32.717927191208,-7.3755082475039995,95.234098197894,-153.70056751559298,372.60481537055,14.450394737023,-3.306590932954,26.710616703249,-74.961891189943,116.249519112721,-6.08102736551,-30.430441345060004,224.75600612467,-397.58429403192997,769.36648409761
pentose phosphate,R16.2 net,E4P + TKC2 <-> F6P,TKT2,pentose_phosphate,cytosol,21.61,5160.3,20.4264,23.0651,2.6387,0.8045,2.0063,-2.6197,4.647,7.2667,34.836,3.6489,-17.8195,39.1568,56.976299999999995,15.640836759632,-4.824292102863,46.934828604787,-84.976143146738,186.230595001669,6.930979679274,-1.932802271252,13.075801546859,-40.236704119592,58.095337787489,-4.903733305179999,-16.985279313870002,110.60794442139,-206.17007961627,384.49692008657
pentose phosphate,R17.2 net,R5P + TKC2 <-> S7P,TKT1,pentose_phosphate,cytosol,28.6683,6845.8,27.4853,30.1098,2.624500000000001,4.8199,1.9403,1.51,8.5349,7.024900000000001,54.0086,3.6518,4.471,58.8776,54.4066,17.077090431576,-2.551216144641,48.299269593107,-68.724424368855,186.374220368881,7.519415057749,-1.373788661702,13.63481515639,-34.725187070351,58.154181325232,-1.17729406033,-13.445162031190002,114.14806170327999,-191.41421441565998,384.86956401104004
pentose phosphate,R18.2 net,GAP + TAC3 <-> F6P,TALA,pentose_phosphate,cytosol,28.6683,6845.8,27.4853,30.1098,2.624500000000001,4.8199,1.9403,1.51,8.5349,7.024900000000001,54.0086,3.6518,4.471,58.8776,54.4066,0.0,-131.197910008572,48.29926959311,-1000.0,186.374220368943,7.519415057749,-27.371472620561,13.634815156398,-507.668378050865,58.154181325235,-1.17729406033,-312.36842936255005,114.14806170327999,-4533.63565274785,384.86956401106
pentose phosphate,R19.2 net,S7P <-> E4P + TAC3,TALA,pentose_phosphate,cytosol,28.6683,6845.8,27.4853,30.1098,2.624500000000001,4.8199,1.9403,1.51,8.5349,7.024900000000001,54.0086,3.6518,4.471,58.8776,54.4066,0.0,-131.197910008572,48.29926959311,-1000.0,186.374220368943,7.519415057749,-27.371472620561,13.634815156398,-507.668378050865,58.154181325235,-1.17729406033,-312.36842936255005,114.14806170327999,-4533.63565274785,384.86956401106
TCA cycle,R19,PYRmit -> ACCOAmit + CO2 + NADH,PDHm,tca_cycle,mitochondria,79.5555,18997.0,75.1116,83.9326,8.820999999999998,40.677,1.5155,37.8537,43.3332,5.4794999999999945,44.0966,21.4682,0.0,88.3798,88.3798,49.3924332229,0.0,108.938596949605,0.0,372.839191870694,12.536617670123,0.0,36.3144404735,0.0,116.345543531761,0.0,0.0,82.99999999974,0.0,769.9745868341801
TCA cycle,R20,ACCOAmit + OAAmit -> CITmit,CSm,tca_cycle,mitochondria,48.1077,11488.0,45.9786,50.4378,4.459200000000003,24.2101,0.831,22.53,25.8675,3.3374999999999986,503.6239,6.5557,475.5228,524.8055,49.282700000000034,31.634429463872,1.018908139556,129.797087733379,0.0,1000.0,5.112126000184,0.0,43.770319106268,0.0,508.323851951697,260.25954068134,33.38067616958,922.5517414262001,0.0,4413.50399566518
TCA cycle,R21 net,CITmit <-> ICTmit,ACONTm,tca_cycle,mitochondria,23.5861,5632.2,23.2589,26.3246,3.0656999999999996,13.4182,0.2254,12.9841,14.8295,1.8453999999999997,97.2688,22.5348,60.3421,167.2569,106.9148,19.719785383911,-988.146201762523,1000.0,-998.752231764474,1000.0,0.697870747557,-995.143480299824,1000.0,-999.488787399982,1000.0,11.84606217811,-9236.10287165426,10000.0,-9595.2648506311,10000.0
TCA cycle,R23,ICTmit -> AKG + CO2 + NADH,ICDHxm,tca_cycle,mitochondria,23.5861,5632.2,20.2194,26.3246,6.1052,1.1292e-06,178610.0,0.0,1.411,1.411,9.7109e-07,4.3533e-11,0.0,84.6396,84.6396,0.0,0.0,56.319988522569,0.0,286.606763449733,0.0,0.0,15.892449632856,0.0,110.890870504461,0.0,0.0,261.28831442617,0.0,773.2119902345
TCA cycle,R24,ICTmit -> AKG + CO2 + NADPH,ICDHym,tca_cycle,mitochondria,8.9606e-07,6.8492e-10,0.0,3.4234,3.4234,13.4182,178610.0,0.0,14.8289,14.8289,97.2688,22.5348,0.0,169.5598,169.5598,19.719785383911,0.0,51.1244410412,0.0,252.564871899062,0.697870747557,0.0,15.661242443875,0.0,95.822239485137,11.84606217811,0.0,134.08114359977,0.0,773.21199023451
TCA cycle,R25,AKG -> 0.5*SUCmit + 0.5*SUCmit + CO2 + ATP + NADH,AKGDam and AKGDbm,tca_cycle,mitochondria,9.0116e-07,3.1424e-11,0.0,2.9799,2.9799,8.4745e-07,7.8351e-10,0.0,1.4815,1.4815,33.2014,22.3202,21.0794,102.0678,80.98840000000001,17.598475418077,0.0,48.768620959255,0.0,309.242892168349,0.0,0.0,12.180974275366,0.0,116.201814616997,0.0,0.0,230.5329821223,0.0,769.97458683419
TCA cycle,R26 net,SUCmit <-> FUMmit + UQH2,SUCD2_u6m and SUCD1m,tca_cycle,mitochondria,24.5216,5855.6,22.0621,27.2136,5.151499999999999,10.7918,0.6418,9.4542,12.2571,2.8028999999999993,439.5565,7.3946,406.0041,462.4079,56.40379999999999,0.0,0.0,59.888436332642,0.0,454.744523919951,0.0,0.0,17.777777778947,0.0,170.460061102577,0.0,0.0,854.35932050167,0.0,1940.2255979020601
TCA cycle,R27 net,0.5*FUMmit + 0.5*FUMmit <-> 0.5*MALmit + 0.5*MALmit,FUMm,tca_cycle,mitochondria,30.7908,7352.7,28.4191,33.3866,4.967500000000001,14.3584,0.69,12.936,15.84,2.904,456.5855,7.168,425.8134,479.5243,53.71089999999998,19.156747108613,0.0,59.888436332694,0.0,454.744523919929,0.0,0.0,17.777777778921,0.0,170.460061102587,754.34478480209,0.0,854.3593205020601,0.0,1940.22559790214
TCA cycle,R28 net,MALmit <-> OAAmit + NADH,MDHm,tca_cycle,mitochondria,48.1077,11488.0,45.9786,50.4378,4.459200000000003,24.2101,0.831,22.53,25.8675,3.3374999999999986,503.6239,6.5557,475.5228,524.8055,49.282700000000034,23.379575320781,-290.084985619473,327.96297741786,-1000.0,999.686544850796,0.0,-172.187532433258,262.615388695944,-938.810444629062,553.64302538,242.6988462593,-935.13797445145,1134.1699158321699,-7535.87220786786,3131.8548527868397
pyruvate metabolism,R29 net,MALmit <-> PYRmit + CO2 + NADH,ME1m,anaplerotic,mitochondria,-17.3169,4135.2,-17.5585,-15.7027,1.8557999999999986,-9.8517,0.1655,-10.143,-9.5186,0.6244000000000014,4.2838e-08,0.0,-31.3045,192.0293,223.3338,0.0,0.0,114.000000000239,0.0,919.094640411634,0.0,0.0,48.098910893019,0.0,598.615934522989,0.0,0.0,415.0000000203,0.0,6044.69056443694
pyruvate metabolism,R31,PYRcyt + CO2 + ATP -> OAAcyt,PC,anaplerotic,cytosol,6.7591,1614.0,3.6061,10.1343,6.5282,5.2691,0.4684,4.437,6.0864,1.6494,1.2973e-06,0.0,0.0,29.8293,29.8293,22.231476710394,12.424987620635,136.368822615887,0.0,997.895859542011,16.415122153272,5.104576968444,60.130221548575,0.0,617.358270276222,217.47663538663002,201.17390298555,632.85656270318,21.176200314170003,6065.86676477079
pyruvate metabolism,R35,AA -> AC + NADH,ALDD2y,acetate_metabolism ,cytosol,5.6341,1345.4,2.2296,7.56,5.330399999999999,1e-07,1.6411e-11,0.0,0.3292,0.3292,3.5468e-07,5.2909e-11,0.0,7.871,7.871,0.0,0.0,66.477092201321,0.0,376.183804897369,0.0,0.0,25.475064703136,0.0,153.316031103122,0.0,0.0,69.16666666863,0.0,926.1757940687901
pyruvate metabolism,R36,AA -> AC + NADPH,,acetate_metabolism ,cytosol,9.3296e-07,2.0371e-11,0.0,3.4234,3.4234,1.4705,0.1806,0.0,1.7996,1.7996,3.5777e-07,8.0773e-12,0.0,7.8683,7.8683,,,,,,,,,,,,,,,
pyruvate metabolism,R37 net,AC + ATP <-> ACCOAcyt,ACS or reverse_ACOAH,acetate_metabolism ,cytosol,8.8783,2120.1,6.4472,11.8996,5.4524,3.3161,0.1956,2.6006,3.6837,1.0831,8.8122,0.1355,8.3911,17.2731,8.882,0.0,0.0,52.872792620608,0.0,365.246003386831,0.22351458299,0.0,22.996021043269,0.0,139.329958040711,1.4154715102400002,0.0,73.05536628461,0.0,843.04095423126
glyoxylate shunt,R41.2 net,CITcyt <-> ICTcyt,,,,24.5216,5855.6,22.0618,26.9564,4.894599999999997,10.7918,0.6418,9.4542,11.9515,2.497299999999999,406.3551,21.2079,347.3546,422.2887,74.9341,,,,,,,,,,,,,,,
glyoxylate shunt,R43.2,ICTcyt -> GLYOXYcyt + SUCcyt,ICL,glyoxylate_shunt,cytosol,24.5216,5855.6,22.0618,26.9564,4.894599999999997,10.7918,0.6418,9.4542,11.9515,2.497299999999999,406.3551,21.2079,347.3546,422.2887,74.9341,1.558271690536,0.0,56.054817867091,0.0,454.7445239199,0.0,0.0,17.777777778877,0.0,170.460061102579,559.04722200326,530.58804225856,774.97212198477,54.29760322282,1940.2255979020601
glyoxylate shunt,R45,ACCOAcyt + GLYOXYcyt -> MALcyt,MALSp,glyoxylate_shunt,cytosol,24.5216,5855.6,22.0618,26.9564,4.894599999999997,10.7918,0.6418,9.4542,11.9515,2.497299999999999,406.3551,21.2079,347.3546,422.2887,74.9341,0.0,0.0,0.0,0.0,0.0,0.0,0.0,0.0,0.0,0.0,0.0,0.0,0.0,0.0,0.0
glyoxylate shunt,R46,MALcyt -> OAAcyt + NADH,MDH,tca_cycle,cytosol,24.5216,5855.6,21.9801,26.9565,4.976399999999998,10.7918,0.6418,9.4543,11.9516,2.497299999999999,359.3168,21.5861,193.4355,375.1548,181.71930000000003,0.0,-352.471917925219,303.756811423889,-975.823439802284,1000.0,11.133993705538,-249.191374418898,189.887200009962,-530.818147395671,900.819238921426,1296.82974344119,396.33063406433,2464.73143166649,-1429.8451665992,7758.66210909502
compartment transport,R18,PYRcyt -> PYRmit,PYRt2m,transport,mitochondria,130.4761,31157.0,126.5883,134.2621,7.6738,69.6459,1.9442,65.986,72.997,7.010999999999996,135.3748,20.4608,0.0,190.5844,190.5844,84.701328185434,-23.960244198272,122.155788355561,-917.228943511326,373.779781773283,19.546866173715,-23.106962236209,43.288809409322,-542.548081701198,116.730904687743,18.689490751130002,-408.49874290385003,115.9156917899,-6042.2501521573495,772.41499913369
compartment transport,R42 net,ACCOAcyt <-> ACCOAmit,,,,-24.4552,5839.8,-27.3447,-21.3154,6.029299999999999,-12.4888,0.647,-13.6291,-11.3746,2.2545,478.5212,21.0901,460.3607,536.8271,76.46639999999996,,,,,,,,,,,,,,,
compartment transport,cit transp,CITmit -> CITcyt,CITtam or CITtbm or CITtcm,transport,mitochondria,24.5216,5855.6,22.0618,26.9564,4.894599999999997,10.7918,0.6418,9.4542,11.9515,2.497299999999999,406.3551,21.2079,347.3546,422.2887,74.9341,-11.914644079961,-1137.559626550643,1025.769565803373,-2113.3788172177137,1217.39468862211,-4.414255252627,-1047.350747216513,1007.549017242788,-1550.195727118541,1077.117901474943,-248.41347850321998,-10409.80933729649,10079.81835626613,-14493.98299978441,10773.58463415902
compartment transport,R44,SUCcyt -> SUCmit,SUCCtm,transport,mitochondria,24.5216,5855.6,22.0618,26.9564,4.894599999999997,10.7918,0.6418,9.4542,11.9515,2.497299999999999,406.3551,21.2079,347.3546,422.2887,74.9341,0.0,0.0,59.888436332642,0.0,452.796464770041,0.0,0.0,17.777777778947,0.0,170.460061102577,0.0,0.0,854.35932050167,0.0,1940.2255979019699
compartment transport,R47,MALcyt -> MALmit,MALtm or reverse_CITtam or reverse_DICtm,transport,mitochondria,1.0371e-06,6.0009e-11,0.0,1.5902,1.5902,8.6614e-07,5.1954e-11,0.0,0.2516,0.2516,47.0383,0.7233,23.8429,242.8625,219.01960000000003,4.222828212168,-466.27058651535697,479.75233863464,-1672.139212542069,1979.612530708761,7.3068513319849995,-225.185572056655,313.48954421776597,-1205.468612063371,1063.0285083365989,-505.93130629887,-3190.5323799786,2041.01697265057,-10244.294602733691,7459.7639555550395
amino acid biosynthesis,R48,G3P -> SER + NADH,,,,8.0115,1913.1,6.4433,9.2753,2.832,5.4252,0.1051,5.2222,5.7644,0.5422000000000002,29.4138,0.4523,23.7951,34.9333,11.138200000000001,,,,,,,,,,,,,,,
amino acid biosynthesis,R50 net,SER <-> GLY + MTHF,,,,1.9835,473.6393,0.4449,3.2216,2.7767,1.9958,0.0824,1.8583,2.3313,0.4730000000000001,13.0397,0.2005,8.3851,15.4853,7.100200000000001,,,,,,,,,,,,,,,
amino acid biosynthesis,R51 net,CO2 + MTHF + NADH <-> GLY,,,,-2.9267,698.8722,-4.4434,-1.7069,2.7364999999999995,-0.7976,0.0907,-0.9635,-0.448,0.5155000000000001,-0.2977,0.0046,-4.2207,-0.2835,3.9372,,,,,,,,,,,,,,,
amino acid biosynthesis,R52,AKG + NADPH -> GLU,,,,94.7397,22623.0,92.3063,97.607,5.300700000000006,52.163,0.9414,50.188,53.9,3.711999999999996,242.039,3.7216,226.1604,287.481,61.320599999999985,,,,,,,,,,,,,,,
amino acid biosynthesis,R53,GLU + ATP -> GLN,,,,16.5936,3962.5,16.339,16.8262,0.4872000000000014,9.4401,0.1586,9.1348,9.7194,0.5846,45.0734,0.6931,42.92,53.5315,10.6115,,,,,,,,,,,,,,,
amino acid biosynthesis,R54,GLU + ATP + 2*NADPH -> PRO,,,,3.7264,889.852,3.6693,3.7787,0.10940000000000039,2.12,0.0356,2.0514,2.1827,0.13129999999999997,10.1222,0.1556,9.6386,12.0216,2.382999999999999,,,,,,,,,,,,,,,
amino acid biosynthesis,R55,GLU + GLU + CO2 + GLN + ASP + 5*ATP + NADPH -> AKG + ARG + GLU + FUMmit,,,,3.8141,910.7897,3.7556,3.8676,0.1120000000000001,2.1699,0.0365,2.0997,2.234,0.13430000000000009,10.3603,0.1593,9.8654,12.3045,2.4391000000000016,,,,,,,,,,,,,,,
amino acid biosynthesis,R56,OAAcyt + GLU -> ASP + AKG,,,,31.2807,7469.7,28.9011,34.2226,5.3215,16.061,0.3601,15.1219,16.7703,1.6483999999999988,69.6643,1.0712,66.335,85.3248,18.989800000000002,,,,,,,,,,,,,,,
amino acid biosynthesis,R58,ASP + GLN -> ASN + GLU,,,,4.2964,1025.9,4.2304,4.3566,0.12619999999999987,2.4442,0.0411,2.3651,2.5165,0.1514000000000002,11.6703,0.1794,11.1127,13.8602,2.7475000000000005,,,,,,,,,,,,,,,
amino acid biosynthesis,R60,PYRmit + GLU -> ALA + AKG,,,,6.4445,1538.9,6.3457,6.5349,0.18920000000000048,3.6663,0.0616,3.5477,3.7748,0.22710000000000008,17.5054,0.2692,16.6691,20.7903,4.121199999999998,,,,,,,,,,,,,,,
amino acid biosynthesis,R61,ASP + 2*ATP + 2*NADPH -> THR,,,,13.9638,3334.5,11.5474,16.9646,5.417200000000001,6.2093,0.2257,5.4591,6.6547,1.1955999999999998,22.626,0.3479,21.5447,32.5275,10.982800000000005,,,,,,,,,,,,,,,
amino acid biosynthesis,R62 net,THR <-> GLY + AA + NADH,,,,5.6341,1345.4,3.1928,8.6685,5.4757,1.4705,0.1806,0.7722,1.7997,1.0275,7.1245e-07,4.1395e-11,,7.8711,,,,,,,,,,,,,,,,
amino acid biosynthesis,R63,SER + ACCOAcyt + 3*ATP + 4*NADPH -> CYS + AC,,,,0.7891,188.4392,0.777,0.8002,0.0232,0.4489,0.0075,0.4344,0.4622,0.02779999999999999,2.1435,0.033,2.0411,2.5458,0.5046999999999997,,,,,,,,,,,,,,,
amino acid biosynthesis,R64,ASP + MTHF + ACCOAcyt + 2*NADPH -> MET + AC,,,,2.4551,586.2554,2.4174,2.4895,0.07209999999999983,1.3967,0.0235,1.3515,1.438,0.08650000000000002,6.6687,0.1025,6.3501,7.9201,1.5699999999999994,,,,,,,,,,,,,,,
amino acid biosynthesis,R65,AKG + ACCOAcyt + GLU + GLU -> LYS + CO2 + AKG + AKG,,,,5.5677,1329.5,5.4823,5.6458,0.16349999999999998,3.1675,0.0532,3.065,3.2612,0.19620000000000015,15.1237,0.2325,14.4012,17.9617,3.560500000000001,,,,,,,,,,,,,,,
amino acid biosynthesis,R67,PYRmit + PYRmit + GLU + NADPH -> VAL + CO2 + AKG,,,,4.8444,1156.8,4.77,4.9123,0.14230000000000054,2.756,0.0463,2.6668,2.8375,0.17070000000000007,13.1588,0.2023,12.5302,15.6281,3.097899999999999,,,,,,,,,,,,,,,
amino acid biosynthesis,R69,PEP + PEP + E4P + GLU + ATP + NADPH -> PHE + CO2 + AKG,,,,3.8141,910.7897,3.7556,3.8676,0.1120000000000001,2.1699,0.0365,2.0997,2.234,0.13430000000000009,10.3603,0.1593,9.8654,12.3045,2.4391000000000016,,,,,,,,,,,,,,,
amino acid biosynthesis,R70,PEP + PEP + E4P + GLU + ATP + NADPH -> TYR + CO2 + AKG,,,,2.4551,586.2554,2.4174,2.4895,0.07209999999999983,1.3967,0.0235,1.3515,1.438,0.08650000000000002,6.6687,0.1025,6.3501,7.9201,1.5699999999999994,,,,,,,,,,,,,,,
amino acid biosynthesis,R71.2,SER + R5P + PEP + E4P + PEP + GLN + 3*ATP + NADPH -> TRP + CO2 + GAP + PYRcyt + GLU,,,,0.7891,188.4392,0.777,0.8002,0.0232,0.4489,0.0075,0.4344,0.4622,0.02779999999999999,2.1435,0.033,2.0411,2.5458,0.5046999999999997,,,,,,,,,,,,,,,
amino acid biosynthesis,R72.2,R5P + MTHF + GLN + ASP + 5*ATP -> HIS + AKG + FUMmit + 2*NADH,,,,2.4551,586.2554,2.4174,2.4895,0.07209999999999983,1.3967,0.0235,1.3515,1.438,0.08650000000000002,6.6687,0.1025,6.3501,7.9201,1.5699999999999994,,,,,,,,,,,,,,,
amino acid biosynthesis,R76,PYRmit + THR + GLU + NADPH -> ILE + CO2 + AKG,,,,3.4853,832.2733,3.4318,3.5342,0.10239999999999982,1.9828,0.0333,1.9187,2.0415,0.12280000000000002,9.4672,0.1456,9.0149,11.2437,2.2287999999999997,,,,,,,,,,,,,,,
amino acid biosynthesis,R77,ACCOAmit + PYRmit + PYRmit + GLU + NADPH -> LEU + CO2 + CO2 + AKG,,,,6.9925,1669.8,6.8853,7.0905,0.2051999999999996,3.9781,0.0668,3.8494,4.0957,0.24629999999999974,18.994,0.2921,18.0865,22.5582,4.4716999999999985,,,,,,,,,,,,,,,
biomass formation,R80 steph AC,0.294*ALA + 0.174*ARG + 0.196*ASN + 0.196*ASP + 0.036*CYS + 0.239*GLN + 0.239*GLU + 0.214*GLY + 0.112*HIS + 0.159*ILE + 0.319*LEU + 0.254*LYS + 0.112*MET + 0.174*PHE + 0.17*PRO + 0.203*SER + 0.221*THR + 0.036*TRP + 0.112*TYR + 0.221*VAL -> Biomass,biomass_C,biomass_formation,cytosol,21.9202,5234.4,21.5839,22.2274,0.6434999999999995,12.4705,0.2095,12.0671,12.8393,0.7721999999999998,59.5422,0.9155,56.6975,70.7154,14.017900000000004,11.398166174414,10.828257865693,11.398166174414,1.139816617441,11.398166174414,4.66984653044,4.436354203918,4.669846530456,0.466984653044,4.669846530446,29.57316982462,28.09451133339,29.573169824660003,2.95731698246,29.57316982471
energy metabolism,R81,ATP -> ATP_maintenance,ATPM,energy_metabolism,cytosol,733.5088,175160.0,708.6899,760.4903,51.80040000000008,353.9727,15.7328,325.9231,384.5208,58.59770000000003,3855.5,68.0696,2990.6,4113.3,1122.7000000000003,0.0,0.0,85.500000000565,0.0,1000.0,0.0,0.0,36.074183168979,0.0,507.649787611195,0.0,0.0,311.25000000885,0.0,4533.51792332692
,R82,NADH -> NADPH,,,,1.1129e-06,7.7961e-12,0.0,3.4234,3.4234,48.8442,178610.0,23.6097,86.6691,63.0594,1e-07,9.6036e-12,0.0,464.9737,464.9737,,,,,,,,,,,,,,,
,R83,NADH -> 2*ATP,,,,344.1447,82180.0,334.5028,354.682,20.179200000000037,115.3919,8.449,100.6763,131.6644,30.988100000000003,1594.6,28.64,1200.8,1680.1,479.29999999999995,,,,,,,,,,,,,,,
,R84,UQH2 -> ATP,,,,24.5216,5855.6,22.0621,27.2136,5.151499999999999,110.7918,0.6418,109.4544,112.2571,2.8026999999999873,439.5565,7.3946,406.0041,462.4079,56.40379999999999,,,,,,,,,,,,,,,
,R85,FADH2 -> ATP,,,,,,,,,,,,,,700.0,1.5408e-10,,,0.0,,,,,,,,,,,,,,,
,R79,CO2 -> CO2_EX,reverse_CO2t,transport,extracellular,195.3095,46639.0,189.6374,201.5177,11.880299999999977,69.7701,3.8675,62.961,77.2193,14.258300000000006,700.7323,16.9024,494.442,753.263,258.821,167.905908227117,148.041102117694,189.510612815811,0.0,556.790590822711,39.237883656721,29.422215887911,47.930751378752,0.0,185.594862935923,678.90745768994,631.27855136227,734.96267973152,0.0,1608.48387405025
