Unnamed: 0,ID,Equation,reaction_ids,pathway,compartment,glucose_flux,glucose_std_err,glucose_LB,glucose_UB,glucose_ΔB,glycerol_flux,glycerol_std_err,glycerol_LB,glycerol_UB,glycerol_ΔB,oleic_acid_flux,oleic_acid_std_err,oleic_acid_LB,oleic_acid_UB,oleic_acid_ΔB,glucose_pfba_flux,glucose_pfba_LB,glucose_pfba_UB,glucose_1_eflux2_flux,glucose_1_eflux2_LB,glucose_1_eflux2_UB,glucose_1_trans_LB,glucose_1_trans_UB,glucose_2_eflux2_flux,glucose_2_eflux2_LB,glucose_2_eflux2_UB,glucose_2_trans_LB,glucose_2_trans_UB,glucose_3_eflux2_flux,glucose_3_eflux2_LB,glucose_3_eflux2_UB,glucose_3_trans_LB,glucose_3_trans_UB
uptake,uptake,Glucose + ATP -> G6P,reverse_EX_glc_e,substrate_uptake,cytosol,100.0,23879.0,100.0,100.0,0.0,,,,,,,,,,,100.0,100.0,100.0,100.0,100.0,100.0,-10142.759379219999,10142.759379219999,100.0,100.0,100.0,-16736.97393161397,16736.97393161397,100.0,100.0,100.0,-16532.841447945095,16532.841447945095
uptake,R3 glyc3p,GLYC + ATP -> Glyc3P,reverse_GLYCt,emp,cytosol,,,,,,100.0,4.9118e-10,100.0,100.0,0.0,,,,,,0.0,-23.37801288246,0.0,-15.858311372637319,-19.971235563633996,0.0,-21568.679247505122,21568.679247505122,-17.68415575340818,-19.419455949816818,0.0,-33788.937712620915,33788.937712620915,-16.836490285425963,-19.80385939090225,0.0,-45886.73611035713,45886.73611035713
uptake,R3 dhap net,Glyc3P <-> DHAP + UQH2,,emp,cytosol,,,,,,100.0,4.9118e-10,100.0,100.0,0.0,,,,,,,,,,,,,,,,,,,,,,,
uptake,OA uptake,OA + ATP -> 9*ACCOAcyt + 7*NADH + 7*FADH2,OCDCEAt,substrate_uptake,cytosol,,,,,,,,,,,100.0,2.2011e-11,100.0,100.0,0.0,0.0,0.0,0.0,0.0,0.0,0.0,0.0,inf,0.0,0.0,0.0,0.0,inf,0.0,0.0,0.0,0.0,inf
glycolysis/gluconeogensis,R4 net,G6P <-> F6P,PGI,emp,cytosol,17.8093,4252.8,13.4786,21.3566,7.878,-12.29,5.8565,-23.5032,-2.2969,21.2063,-151.6655,10.9487,-165.8804,-1.3939,164.4865,20.865772267139,-162.105989017319,90.685391383235,-39.08976367434478,-103.40040947417015,-5.226478785703827,-7505.439085435215,7505.439085435215,-39.37440348912589,-106.16286274888648,-12.513313384975264,-13092.497858005028,13092.497858005028,-38.67199439734717,-122.37421443163434,-8.104153413164687,-12736.735723082422,12736.735723082422
glycolysis/gluconeogensis,R5 net,F6P + ATP <-> FBP,PFK or reverse_FBP,emp,cytosol,68.0875,16259.0,66.6504,69.2727,2.6222999999999956,-6.6656,1.91,-10.3212,-3.4075,6.913699999999999,-62.8209,3.6611,-68.0848,-14.682,53.4028,30.823684852007,-296.316313285154,364.59038817205,0.0,-199.51472984782865,220.40034021601912,-3815.3003680873953,2200.2687921341944,0.0,-211.18658345820992,230.40523033031522,-6678.387338192606,3949.591108382265,0.0,-215.366970877583,235.5244948943462,-6629.3387637970245,3516.866032806881
glycolysis/gluconeogensis,R6 net,FBP <-> DHAP + GAP,FBA,emp,cytosol,68.0875,16259.0,66.6504,69.2727,2.6222999999999956,-6.6656,1.91,-10.3212,-3.4075,6.913699999999999,-62.8209,3.6611,-68.0848,-14.682,53.4028,30.823684852007,-296.316313285907,80.435559059256,0.0,-199.51472984831548,40.85684593068847,-12482.085402443301,12482.085402443301,0.0,-211.18658345841075,38.63810282215644,-22242.266766939756,22242.266766939756,0.0,-215.36697087700432,39.96138340685532,-22049.685310709894,22049.685310709894
glycolysis/gluconeogensis,R7 net,DHAP <-> GAP,TPI,emp,cytosol,68.0875,16259.0,66.6504,69.2727,2.6222999999999956,93.3344,1.91,89.6788,96.5929,6.914100000000005,-62.8209,3.6611,-68.0848,-14.682,53.4028,52.146134244094,-5.138319172602,79.125474294132,19.575525601894597,12.130938196166994,19.575525601894597,-19.575525601894597,19.575525601894597,17.90856210682695,10.289302681205422,17.90856210682695,-17.90856210682695,17.90856210682695,18.84743925065741,-0.5182651078458369,18.84743925065741,-18.84743925065741,18.84743925065741
glycolysis/gluconeogensis,R8 net,GAP <-> G3P + ATP + NADH,GAPD,emp,cytosol,158.5742,37867.0,157.1426,159.7746,2.632000000000005,87.9222,1.8212,84.4387,91.0275,6.588800000000006,-88.6622,3.7168,-95.291,-44.5043,50.786699999999996,127.343610204589,73.177682641885,158.603187224071,98.55287273962661,73.52655626452072,99.05323853181214,-60793.97544995021,60793.97544995021,97.17897920776224,73.51081579003427,97.38627503678687,-108121.68844692284,108121.68844692284,97.95279173511268,73.41844341721261,98.32515218067658,-100269.86476922773,100269.86476922773
glycolysis/gluconeogensis,R9 net,G3P <-> PEP,ENO,emp,cytosol,150.5627,35954.0,149.8699,151.3211,1.4512,82.4971,1.755,79.059,85.5244,6.4654000000000025,-118.076,3.8298,,-78.6386,,118.424532872716,-69.073630849201,158.603187224051,91.51445166982732,-52.357739285073194,99.05323853184258,-16641.225313486255,16641.225313486255,90.23867847598115,-59.379767834491,97.38627503688728,-27370.810319064905,27370.810319064905,90.95722708005239,-61.000522972135656,98.32515218057739,-26650.279100429576,26650.279100429576
glycolysis/gluconeogensis,R10 net,PEP <-> PYRcyt + ATP,PYK,emp,cytosol,136.4461,32583.0,135.5554,137.8096,2.2541999999999973,74.4661,1.6239,71.2799,77.2686,5.988700000000009,133.2313,20.4839,-2.4959,186.4745,188.9704,115.499005509303,0.0,433.084714032889,89.0347707267909,0.0,290.0267754761236,0.0,8327.002595152035,87.79356595812196,0.0,299.1540516513201,0.0,13269.240302722872,88.4926447271273,0.0,304.27331621253,0.0,13057.307518758078
glycolysis/gluconeogensis,R32,OAAcyt + ATP -> PEP + CO2,PPCK,anaplerotic,cytosol,1.4085e-06,2.0541e-10,0.0,1.058,1.058,1.3956e-06,6.6981e-11,0.0,0.6221,0.6221,289.6524,22.1777,118.4212,307.635,189.2138,0.0,0.0,296.316313285717,0.0,0.0,199.5147298477475,0.0,9387.529515843278,0.0,0.0,211.18658345754045,0.0,14144.081930128335,0.0,0.0,215.3669708715981,0.0,22257.337799296085
pentose phosphate,R11,G6P -> PG6 + NADPH,G6PDH2,pentose_phosphate,cytosol,82.1907,19627.0,78.6431,86.5215,7.878399999999999,12.29,5.8565,2.2969,23.5032,21.2063,151.6655,10.9487,1.3939,165.8804,164.4865,67.876914971022,0.0,252.791380401515,129.54805017831782,95.91187017023782,194.085800859475,0.0,3672.388888434185,129.96570791663902,103.19870476841761,196.84825413202756,0.0,6752.030023491709,129.18837967476725,98.78954479675906,213.05960581517914,0.0,6309.097624950328
pentose phosphate,R12.2,PG6 -> Ru5P + CO2 + NADPH,GND,pentose_phosphate,cytosol,82.1907,19627.0,78.6431,86.5215,7.878399999999999,12.29,5.8565,2.2969,23.5032,21.2063,151.6655,10.9487,1.3939,165.8804,164.4865,69.058532687712,0.97770283179,253.76908323202,130.5495909503079,96.88957300211456,195.063503691514,0.0,11383.218851298605,130.95328653461232,104.17640760007278,197.82595696369944,0.0,21479.39549513679,130.18382214058238,99.76724762569165,214.03730865097282,0.0,19147.510322937615
pentose phosphate,R13.2 net,Ru5P <-> R5P,reverse_RPI,pentose_phosphate,cytosol,31.9125,7620.5,30.7273,33.3496,2.6223000000000027,6.6656,1.91,3.4075,10.3212,6.913699999999999,62.8209,3.6611,14.682,68.0848,53.4028,24.709751609596,1.72445236106,85.988245827923,44.949180627724516,41.30316548961261,68.71898845898436,-1310.2416566076395,1310.2416566076395,45.06377371065486,43.52190859812458,70.56062397396462,-2136.139982891891,2136.139982891891,44.81853439152031,42.1986280136538,81.36819176287743,-2665.7553550666676,2665.7553550666676
pentose phosphate,R14.2 net,Ru5P <-> X5P,RPE,pentose_phosphate,cytosol,50.2782,12006.0,47.9137,53.1734,5.259700000000002,5.6244,3.9466,-1.1094,13.1814,14.2908,88.8446,7.2948,-13.3282,97.9336,111.2618,44.348781078117,-26.04803869708,167.780837404211,85.60041032258339,35.61517194879695,128.6437843769825,-3640.9463343586035,3640.9463343586035,85.88951282394072,41.235043051528834,130.48541989217983,-6115.355535133112,6115.355535133112,85.36528774906206,37.764760224524835,141.29298768069845,-6737.794203695545,6737.794203695545
pentose phosphate,R15.2 net,X5P <-> GAP + TKC2,TKT1 or TKT2,pentose_phosphate,cytosol,50.2782,12006.0,47.9137,53.1734,5.259700000000002,5.6244,3.9466,-1.1094,13.1814,14.2908,88.8446,7.2948,-13.3282,97.9336,111.2618,44.348781078116,-31.469743518740003,167.780837404191,85.60041032259355,35.615171948553524,128.64378437732736,-10540.761257260592,10540.761257260592,85.88951282394072,41.23504305172968,130.4854198919288,-19230.44830794582,19230.44830794582,85.36528774906208,37.76476022369819,141.29298768116138,-16451.499868021205,16451.499868021205
pentose phosphate,R16.2 net,E4P + TKC2 <-> F6P,TKT2,pentose_phosphate,cytosol,21.61,5160.3,20.4264,23.0651,2.6387,0.8045,2.0063,-2.6197,4.647,7.2667,34.836,3.6489,-17.8195,39.1568,56.976299999999995,21.443008698205,-19.050889518369,83.285253353914,42.180284925535126,17.202420626198844,63.71672684038291,-5270.380628630296,5270.380628630296,42.33347828250556,20.01235617796432,64.63754459769567,-9615.22415397291,9615.22415397291,42.06649828629977,18.277214763708997,70.04132849248191,-8225.749934010602,8225.749934010602
pentose phosphate,R17.2 net,R5P + TKC2 <-> S7P,TKT1,pentose_phosphate,cytosol,28.6683,6845.8,27.4853,30.1098,2.624500000000001,4.8199,1.9403,1.51,8.5349,7.024900000000001,54.0086,3.6518,4.471,58.8776,54.4066,22.905772379911,-12.418854000371,84.495584050277,43.42012539705841,18.412751322354676,64.92705753694445,-5270.380628630296,5270.380628630296,43.55603454143516,21.222686873765362,65.84787529423313,-9615.22415397291,9615.22415397291,43.29878946276231,19.487545459989192,71.25165918867945,-8225.749934010602,8225.749934010602
pentose phosphate,R18.2 net,GAP + TAC3 <-> F6P,TALA,pentose_phosphate,cytosol,28.6683,6845.8,27.4853,30.1098,2.624500000000001,4.8199,1.9403,1.51,8.5349,7.024900000000001,54.0086,3.6518,4.471,58.8776,54.4066,0.0,-352.197113415558,84.495584050281,6.644261720364322,-160.6186009370226,64.9270575367416,-10999.619691576505,10999.619691576505,6.639998736634348,-168.9565275596938,65.8478752942666,-22757.096085076202,22757.096085076202,6.281004723832147,-175.01466926253997,71.25165918872905,-17340.80140950617,17340.80140950617
pentose phosphate,R19.2 net,S7P <-> E4P + TAC3,TALA,pentose_phosphate,cytosol,28.6683,6845.8,27.4853,30.1098,2.624500000000001,4.8199,1.9403,1.51,8.5349,7.024900000000001,54.0086,3.6518,4.471,58.8776,54.4066,0.0,-352.197113415558,84.495584050281,6.644261720364322,-160.6186009370226,64.9270575367416,-10999.619691576505,10999.619691576505,6.639998736634348,-168.9565275596938,65.8478752942666,-22757.096085076202,22757.096085076202,6.281004723832147,-175.01466926253997,71.25165918872905,-17340.80140950617,17340.80140950617
TCA cycle,R19,PYRmit -> ACCOAmit + CO2 + NADH,PDHm,tca_cycle,mitochondria,79.5555,18997.0,75.1116,83.9326,8.820999999999998,40.677,1.5155,37.8537,43.3332,5.4794999999999945,44.0966,21.4682,0.0,88.3798,88.3798,44.977160731194,0.0,178.337849682027,35.54350341408142,0.0,94.20491641978738,0.0,10874.255185649345,29.77493675875573,0.0,89.91640086964502,0.0,18104.38470182683,30.01202732293893,0.0,92.55017471299638,0.0,18271.60038302548
TCA cycle,R20,ACCOAmit + OAAmit -> CITmit,CSm,tca_cycle,mitochondria,48.1077,11488.0,45.9786,50.4378,4.459200000000003,24.2101,0.831,22.53,25.8675,3.3374999999999986,503.6239,6.5557,475.5228,524.8055,49.282700000000034,23.163782944696,0.0,318.39155157615,21.56286143681618,0.0,209.23199627840836,0.0,9507.619786893243,13.063306829935808,0.0,202.24783799557596,0.0,16226.328856960428,13.167326758482933,0.0,206.90211995196475,0.0,15810.686933498853
TCA cycle,R21 net,CITmit <-> ICTmit,ACONTm,tca_cycle,mitochondria,23.5861,5632.2,23.2589,26.3246,3.0656999999999996,13.4182,0.2254,12.9841,14.8295,1.8453999999999997,97.2688,22.5348,60.3421,167.2569,106.9148,21.246162069009,-989.485059451046,1000.0,10.771311417365046,-1958.1611257522131,1976.120653706908,-9912.417313717913,9912.417313717913,10.621152069657903,-3854.1903569720653,3872.3245569748374,-16695.968345481517,16695.968345481517,10.705725715024277,-3350.710976255032,3380.5916211623135,-14926.17991603379,14926.17991603379
TCA cycle,R23,ICTmit -> AKG + CO2 + NADH,ICDHxm,tca_cycle,mitochondria,23.5861,5632.2,20.2194,26.3246,6.1052,1.1292e-06,178610.0,0.0,1.411,1.411,9.7109e-07,4.3533e-11,0.0,84.6396,84.6396,0.0,0.0,92.921085307498,0.0,0.0,17.95952795473527,0.0,3957.0961442088906,0.0,0.0,18.134199974469876,0.0,6417.4579145987445,0.0,0.0,29.880644907396725,0.0,6056.806464454686
TCA cycle,R24,ICTmit -> AKG + CO2 + NADPH,ICDHym,tca_cycle,mitochondria,8.9606e-07,6.8492e-10,0.0,3.4234,3.4234,13.4182,178610.0,0.0,14.8289,14.8289,97.2688,22.5348,0.0,169.5598,169.5598,21.246162069009,0.0,85.084966759917,10.771311417365046,0.0,17.959527954643985,0.0,6766.437637065246,10.621152069657903,0.0,18.134199974486613,0.0,12037.733760834717,10.705725715024277,0.0,29.880644907297526,0.0,11187.112494166528
TCA cycle,R25,AKG -> 0.5*SUCmit + 0.5*SUCmit + CO2 + ATP + NADH,AKGDam and AKGDbm,tca_cycle,mitochondria,9.0116e-07,3.1424e-11,0.0,2.9799,2.9799,8.4745e-07,7.8351e-10,0.0,1.4815,1.4815,33.2014,22.3202,21.0794,102.0678,80.98840000000001,8.53816978486,0.0,86.868806375911,0.0,0.0,7.4445874056667485,-2136.8765460140694,2136.8765460140694,0.0,0.0,7.619259425638265,-3440.7871008612,3440.7871008612,0.0,0.0,19.365704358205658,-4119.818760413438,4119.818760413438
TCA cycle,R26 net,SUCmit <-> FUMmit + UQH2,SUCD2_u6m and SUCD1m,tca_cycle,mitochondria,24.5216,5855.6,22.0621,27.2136,5.151499999999999,10.7918,0.6418,9.4542,12.2571,2.8028999999999993,439.5565,7.3946,406.0041,462.4079,56.40379999999999,0.0,0.0,126.361372123815,0.0,0.0,45.35681120000542,0.0,1594.1374916320071,0.0,0.0,42.23408846313931,0.0,2509.207131827566,0.0,0.0,46.32595857058627,0.0,2370.8094636353267
TCA cycle,R27 net,0.5*FUMmit + 0.5*FUMmit <-> 0.5*MALmit + 0.5*MALmit,FUMm,tca_cycle,mitochondria,30.7908,7352.7,28.4191,33.3866,4.967500000000001,14.3584,0.69,12.936,15.84,2.904,456.5855,7.168,425.8134,479.5243,53.71089999999998,10.455790660547,0.0,126.361372123765,0.0,0.0,45.35681119978228,-2981.3626919279263,2981.3626919279263,0.0,0.0,42.23408846365815,-4895.732244736402,4895.732244736402,0.0,0.0,46.3259585709004,-4985.808995456802,4985.808995456802
TCA cycle,R28 net,MALmit <-> OAAmit + NADH,MDHm,tca_cycle,mitochondria,48.1077,11488.0,45.9786,50.4378,4.459200000000003,24.2101,0.831,22.53,25.8675,3.3374999999999986,503.6239,6.5557,475.5228,524.8055,49.282700000000034,10.484012300839,-600.315212454444,420.927971313232,0.0,-531.5460029880225,93.63318487974254,-8927.149667620482,8927.149667620482,0.0,-517.5026498005313,381.98053218183816,-17957.266700967946,17957.266700967946,0.0,-526.8134417001639,346.0992963488223,-16735.534084096904,16735.534084096904
pyruvate metabolism,R29 net,MALmit <-> PYRmit + CO2 + NADH,ME1m,anaplerotic,mitochondria,-17.3169,4135.2,-17.5585,-15.7027,1.8557999999999986,-9.8517,0.1655,-10.143,-9.5186,0.6244000000000014,4.2838e-08,0.0,-31.3045,192.0293,223.3338,0.0,0.0,395.088417713714,0.0,0.0,145.041459122846,0.0,145.041459122846,0.0,0.0,281.5821112762184,0.0,309.29927825622616,0.0,0.0,287.15596116829755,0.0,308.99880666209384
pyruvate metabolism,R31,PYRcyt + CO2 + ATP -> OAAcyt,PC,anaplerotic,cytosol,6.7591,1614.0,3.6061,10.1343,6.5282,5.2691,0.4684,4.437,6.0864,1.6494,1.2973e-06,0.0,0.0,29.8293,29.8293,23.538737175305,0.0,414.292220177787,22.9734683982546,0.0,240.6465027808349,0.0,2221.974297205725,22.653202750423713,0.0,308.58220051144957,0.0,4186.586659253919,22.833584682955646,0.0,313.82823810927897,0.0,3709.142978846482
pyruvate metabolism,R35,AA -> AC + NADH,ALDD2y,acetate_metabolism ,cytosol,5.6341,1345.4,2.2296,7.56,5.330399999999999,1e-07,1.6411e-11,0.0,0.3292,0.3292,3.5468e-07,5.2909e-11,0.0,7.871,7.871,0.0,0.0,142.471141273519,0.0,0.0,2.2314070634284,0.0,2.2314070634284,0.0,0.0,2.845285568374375,0.0,2.845285568374375,0.0,0.0,6.447808164698587,0.0,6.447808164698587
pyruvate metabolism,R36,AA -> AC + NADPH,,acetate_metabolism ,cytosol,9.3296e-07,2.0371e-11,0.0,3.4234,3.4234,1.4705,0.1806,0.0,1.7996,1.7996,3.5777e-07,8.0773e-12,0.0,7.8683,7.8683,,,,,,,,,,,,,,,,,,
pyruvate metabolism,R37 net,AC + ATP <-> ACCOAcyt,ACS or reverse_ACOAH,acetate_metabolism ,cytosol,8.8783,2120.1,6.4472,11.8996,5.4524,3.3161,0.1956,2.6006,3.6837,1.0831,8.8122,0.1355,8.3911,17.2731,8.882,0.555624332415,0.0,131.525256736656,2.3242816599291856,0.0,29.04788880973531,0.0,4932.018175739517,2.5812340171942645,0.0,30.173689391868244,0.0,8254.67554307201,2.6017877545593042,0.0,39.14769137842252,0.0,9146.298545832185
glyoxylate shunt,R41.2 net,CITcyt <-> ICTcyt,,,,24.5216,5855.6,22.0618,26.9564,4.894599999999997,10.7918,0.6418,9.4542,11.9515,2.497299999999999,406.3551,21.2079,347.3546,422.2887,74.9341,,,,,,,,,,,,,,,,,,
glyoxylate shunt,R43.2,ICTcyt -> GLYOXYcyt + SUCcyt,ICL,glyoxylate_shunt,cytosol,24.5216,5855.6,22.0618,26.9564,4.894599999999997,10.7918,0.6418,9.4542,11.9515,2.497299999999999,406.3551,21.2079,347.3546,422.2887,74.9341,1.917620875687,0.0,126.361372123805,0.0,0.0,45.356811199762,0.0,5827.725256518434,0.0,0.0,42.23408846464564,0.0,11074.520911070333,0.0,0.0,46.325958571462515,0.0,10673.106453549914
glyoxylate shunt,R45,ACCOAcyt + GLYOXYcyt -> MALcyt,MALSp,glyoxylate_shunt,cytosol,24.5216,5855.6,22.0618,26.9564,4.894599999999997,10.7918,0.6418,9.4542,11.9515,2.497299999999999,406.3551,21.2079,347.3546,422.2887,74.9341,0.0,0.0,0.0,0.0,0.0,0.0,0.0,2006.5420879910926,0.0,0.0,0.0,0.0,3938.0425963694515,0.0,0.0,0.0,0.0,3861.5757769965358
glyoxylate shunt,R46,MALcyt -> OAAcyt + NADH,MDH,tca_cycle,cytosol,24.5216,5855.6,21.9801,26.9565,4.976399999999998,10.7918,0.6418,9.4543,11.9516,2.497299999999999,359.3168,21.5861,193.4355,375.1548,181.71930000000003,1.004367591005,-453.186076055432,566.783874127216,0.0,-87.61903633537484,537.184968424542,-8625.09829330731,8625.09829330731,0.0,-383.82696652691527,521.0994686346381,-14876.157169897131,14876.157169897131,0.0,-341.5413205071609,531.3602776093159,-15448.948362617815,15448.948362617815
compartment transport,R18,PYRcyt -> PYRmit,PYRt2m,transport,mitochondria,130.4761,31157.0,126.5883,134.2621,7.6738,69.6459,1.9442,65.986,72.997,7.010999999999996,135.3748,20.4608,0.0,190.5844,190.5844,85.3923330169,-286.161181314125,186.264199003067,60.49431148403995,-154.48790466805045,106.10113049605903,-inf,inf,59.65097997337918,-226.43096491314955,101.86816629652122,-inf,inf,60.12596618721617,-230.7381253668375,104.44638878843224,-inf,inf
compartment transport,R42 net,ACCOAcyt <-> ACCOAmit,,,,-24.4552,5839.8,-27.3447,-21.3154,6.029299999999999,-12.4888,0.647,-13.6291,-11.3746,2.2545,478.5212,21.0901,460.3607,536.8271,76.46639999999996,,,,,,,,,,,,,,,,,,
compartment transport,cit transp,CITmit -> CITcyt,CITtam or CITtbm or CITtcm,transport,mitochondria,24.5216,5855.6,22.0618,26.9564,4.894599999999997,10.7918,0.6418,9.4542,11.9515,2.497299999999999,406.3551,21.2079,347.3546,422.2887,74.9341,-1.917620875687,-1346.88510724258,1059.656852437094,-10.791550019461278,-2186.779300206125,1992.036538103652,-5874.48337725664,5874.48337725664,-2.442154760294643,-4075.597697357657,3886.51160786981,-11562.571070916196,11562.571070916196,-2.4616010434586544,-3576.847208841424,3383.9075712557815,-10052.132928765097,10052.132928765097
compartment transport,R44,SUCcyt -> SUCmit,SUCCtm,transport,mitochondria,24.5216,5855.6,22.0618,26.9564,4.894599999999997,10.7918,0.6418,9.4542,11.9515,2.497299999999999,406.3551,21.2079,347.3546,422.2887,74.9341,1.917620875687,0.0,126.361372124025,0.0,0.0,45.35681120000542,0.0,726.4244267397364,0.0,0.0,42.23408846313931,0.0,1071.6684408412425,0.0,0.0,46.3259585707516,0.0,1176.807654264732
compartment transport,R47,MALcyt -> MALmit,MALtm or reverse_CITtam or reverse_DICtm,transport,mitochondria,1.0371e-06,6.0009e-11,0.0,1.5902,1.5902,8.6614e-07,5.1954e-11,0.0,0.2516,0.2516,47.0383,0.7233,23.8429,242.8625,219.01960000000003,1.917620875687,-840.097262595383,764.162981539627,2.47668136940547,-637.9040821501337,267.62949047519305,-3411.009979231686,2684.58555249195,2.442154760294643,-614.2660698124935,567.4746406951497,-5997.527238654549,4925.858797813307,2.4616010434586544,-630.9135486520045,519.2218983242763,-5704.326284784496,4527.518630519764
amino acid biosynthesis,R48,G3P -> SER + NADH,,,,8.0115,1913.1,6.4433,9.2753,2.832,5.4252,0.1051,5.2222,5.7644,0.5422000000000002,29.4138,0.4523,23.7951,34.9333,11.138200000000001,,,,,,,,,,,,,,,,,,
amino acid biosynthesis,R50 net,SER <-> GLY + MTHF,,,,1.9835,473.6393,0.4449,3.2216,2.7767,1.9958,0.0824,1.8583,2.3313,0.4730000000000001,13.0397,0.2005,8.3851,15.4853,7.100200000000001,,,,,,,,,,,,,,,,,,
amino acid biosynthesis,R51 net,CO2 + MTHF + NADH <-> GLY,,,,-2.9267,698.8722,-4.4434,-1.7069,2.7364999999999995,-0.7976,0.0907,-0.9635,-0.448,0.5155000000000001,-0.2977,0.0046,-4.2207,-0.2835,3.9372,,,,,,,,,,,,,,,,,,
amino acid biosynthesis,R52,AKG + NADPH -> GLU,,,,94.7397,22623.0,92.3063,97.607,5.300700000000006,52.163,0.9414,50.188,53.9,3.711999999999996,242.039,3.7216,226.1604,287.481,61.320599999999985,,,,,,,,,,,,,,,,,,
amino acid biosynthesis,R53,GLU + ATP -> GLN,,,,16.5936,3962.5,16.339,16.8262,0.4872000000000014,9.4401,0.1586,9.1348,9.7194,0.5846,45.0734,0.6931,42.92,53.5315,10.6115,,,,,,,,,,,,,,,,,,
amino acid biosynthesis,R54,GLU + ATP + 2*NADPH -> PRO,,,,3.7264,889.852,3.6693,3.7787,0.10940000000000039,2.12,0.0356,2.0514,2.1827,0.13129999999999997,10.1222,0.1556,9.6386,12.0216,2.382999999999999,,,,,,,,,,,,,,,,,,
amino acid biosynthesis,R55,GLU + GLU + CO2 + GLN + ASP + 5*ATP + NADPH -> AKG + ARG + GLU + FUMmit,,,,3.8141,910.7897,3.7556,3.8676,0.1120000000000001,2.1699,0.0365,2.0997,2.234,0.13430000000000009,10.3603,0.1593,9.8654,12.3045,2.4391000000000016,,,,,,,,,,,,,,,,,,
amino acid biosynthesis,R56,OAAcyt + GLU -> ASP + AKG,,,,31.2807,7469.7,28.9011,34.2226,5.3215,16.061,0.3601,15.1219,16.7703,1.6483999999999988,69.6643,1.0712,66.335,85.3248,18.989800000000002,,,,,,,,,,,,,,,,,,
amino acid biosynthesis,R58,ASP + GLN -> ASN + GLU,,,,4.2964,1025.9,4.2304,4.3566,0.12619999999999987,2.4442,0.0411,2.3651,2.5165,0.1514000000000002,11.6703,0.1794,11.1127,13.8602,2.7475000000000005,,,,,,,,,,,,,,,,,,
amino acid biosynthesis,R60,PYRmit + GLU -> ALA + AKG,,,,6.4445,1538.9,6.3457,6.5349,0.18920000000000048,3.6663,0.0616,3.5477,3.7748,0.22710000000000008,17.5054,0.2692,16.6691,20.7903,4.121199999999998,,,,,,,,,,,,,,,,,,
amino acid biosynthesis,R61,ASP + 2*ATP + 2*NADPH -> THR,,,,13.9638,3334.5,11.5474,16.9646,5.417200000000001,6.2093,0.2257,5.4591,6.6547,1.1955999999999998,22.626,0.3479,21.5447,32.5275,10.982800000000005,,,,,,,,,,,,,,,,,,
amino acid biosynthesis,R62 net,THR <-> GLY + AA + NADH,,,,5.6341,1345.4,3.1928,8.6685,5.4757,1.4705,0.1806,0.7722,1.7997,1.0275,7.1245e-07,4.1395e-11,,7.8711,,,,,,,,,,,,,,,,,,,
amino acid biosynthesis,R63,SER + ACCOAcyt + 3*ATP + 4*NADPH -> CYS + AC,,,,0.7891,188.4392,0.777,0.8002,0.0232,0.4489,0.0075,0.4344,0.4622,0.02779999999999999,2.1435,0.033,2.0411,2.5458,0.5046999999999997,,,,,,,,,,,,,,,,,,
amino acid biosynthesis,R64,ASP + MTHF + ACCOAcyt + 2*NADPH -> MET + AC,,,,2.4551,586.2554,2.4174,2.4895,0.07209999999999983,1.3967,0.0235,1.3515,1.438,0.08650000000000002,6.6687,0.1025,6.3501,7.9201,1.5699999999999994,,,,,,,,,,,,,,,,,,
amino acid biosynthesis,R65,AKG + ACCOAcyt + GLU + GLU -> LYS + CO2 + AKG + AKG,,,,5.5677,1329.5,5.4823,5.6458,0.16349999999999998,3.1675,0.0532,3.065,3.2612,0.19620000000000015,15.1237,0.2325,14.4012,17.9617,3.560500000000001,,,,,,,,,,,,,,,,,,
amino acid biosynthesis,R67,PYRmit + PYRmit + GLU + NADPH -> VAL + CO2 + AKG,,,,4.8444,1156.8,4.77,4.9123,0.14230000000000054,2.756,0.0463,2.6668,2.8375,0.17070000000000007,13.1588,0.2023,12.5302,15.6281,3.097899999999999,,,,,,,,,,,,,,,,,,
amino acid biosynthesis,R69,PEP + PEP + E4P + GLU + ATP + NADPH -> PHE + CO2 + AKG,,,,3.8141,910.7897,3.7556,3.8676,0.1120000000000001,2.1699,0.0365,2.0997,2.234,0.13430000000000009,10.3603,0.1593,9.8654,12.3045,2.4391000000000016,,,,,,,,,,,,,,,,,,
amino acid biosynthesis,R70,PEP + PEP + E4P + GLU + ATP + NADPH -> TYR + CO2 + AKG,,,,2.4551,586.2554,2.4174,2.4895,0.07209999999999983,1.3967,0.0235,1.3515,1.438,0.08650000000000002,6.6687,0.1025,6.3501,7.9201,1.5699999999999994,,,,,,,,,,,,,,,,,,
amino acid biosynthesis,R71.2,SER + R5P + PEP + E4P + PEP + GLN + 3*ATP + NADPH -> TRP + CO2 + GAP + PYRcyt + GLU,,,,0.7891,188.4392,0.777,0.8002,0.0232,0.4489,0.0075,0.4344,0.4622,0.02779999999999999,2.1435,0.033,2.0411,2.5458,0.5046999999999997,,,,,,,,,,,,,,,,,,
amino acid biosynthesis,R72.2,R5P + MTHF + GLN + ASP + 5*ATP -> HIS + AKG + FUMmit + 2*NADH,,,,2.4551,586.2554,2.4174,2.4895,0.07209999999999983,1.3967,0.0235,1.3515,1.438,0.08650000000000002,6.6687,0.1025,6.3501,7.9201,1.5699999999999994,,,,,,,,,,,,,,,,,,
amino acid biosynthesis,R76,PYRmit + THR + GLU + NADPH -> ILE + CO2 + AKG,,,,3.4853,832.2733,3.4318,3.5342,0.10239999999999982,1.9828,0.0333,1.9187,2.0415,0.12280000000000002,9.4672,0.1456,9.0149,11.2437,2.2287999999999997,,,,,,,,,,,,,,,,,,
amino acid biosynthesis,R77,ACCOAmit + PYRmit + PYRmit + GLU + NADPH -> LEU + CO2 + CO2 + AKG,,,,6.9925,1669.8,6.8853,7.0905,0.2051999999999996,3.9781,0.0668,3.8494,4.0957,0.24629999999999974,18.994,0.2921,18.0865,22.5582,4.4716999999999985,,,,,,,,,,,,,,,,,,
biomass formation,R80 steph AC,0.294*ALA + 0.174*ARG + 0.196*ASN + 0.196*ASP + 0.036*CYS + 0.239*GLN + 0.239*GLU + 0.214*GLY + 0.112*HIS + 0.159*ILE + 0.319*LEU + 0.254*LYS + 0.112*MET + 0.174*PHE + 0.17*PRO + 0.203*SER + 0.221*THR + 0.036*TRP + 0.112*TYR + 0.221*VAL -> Biomass,biomass_C or biomass_glucose or biomass_oil,biomass_formation,cytosol,21.9202,5234.4,21.5839,22.2274,0.6434999999999995,12.4705,0.2095,12.0671,12.8393,0.7721999999999998,59.5422,0.9155,56.6975,70.7154,14.017900000000004,10.016082967112,8.287581120422,13.609365095569,8.489645445497414,8.28758112042608,8.890140676785029,0.0,inf,8.371294061031927,8.287581120422445,8.53721465831474,0.0,inf,8.437952635147855,8.287581120422463,8.735991759811133,0.0,inf
energy metabolism,R81,ATP -> ATP_maintenance,ATPM,energy_metabolism,cytosol,733.5088,175160.0,708.6899,760.4903,51.80040000000008,353.9727,15.7328,325.9231,384.5208,58.59770000000003,3855.5,68.0696,2990.6,4113.3,1122.7000000000003,0.0,0.0,296.316313286486,0.0,0.0,199.51472984937035,0.0,inf,0.0,0.0,211.18658345899655,0.0,inf,0.0,0.0,215.36697087629344,0.0,inf
,R82,NADH -> NADPH,,,,1.1129e-06,7.7961e-12,0.0,3.4234,3.4234,48.8442,178610.0,23.6097,86.6691,63.0594,1e-07,9.6036e-12,0.0,464.9737,464.9737,,,,,,,,,,,,,,,,,,
,R83,NADH -> 2*ATP,,,,344.1447,82180.0,334.5028,354.682,20.179200000000037,115.3919,8.449,100.6763,131.6644,30.988100000000003,1594.6,28.64,1200.8,1680.1,479.29999999999995,,,,,,,,,,,,,,,,,,
,R84,UQH2 -> ATP,,,,24.5216,5855.6,22.0621,27.2136,5.151499999999999,110.7918,0.6418,109.4544,112.2571,2.8026999999999873,439.5565,7.3946,406.0041,462.4079,56.40379999999999,,,,,,,,,,,,,,,,,,
,R85,FADH2 -> ATP,,,,,,,,,,,,,,700.0,1.5408e-10,,,0.0,,,,,,,,,,,,,,,,,,
,R79,CO2 -> CO2_EX,reverse_CO2t,transport,extracellular,195.3095,46639.0,189.6374,201.5177,11.880299999999977,69.7701,3.8675,62.961,77.2193,14.258300000000006,700.7323,16.9024,494.442,753.263,258.821,171.589402617882,103.31724216589,245.521348983348,189.3036651327709,182.47148018234458,245.52134898250858,-inf,inf,188.88828928856074,186.10795972285356,245.52134898303683,-inf,inf,188.58014719987113,183.7875051573691,245.52134898321094,-inf,inf
