Unnamed: 0,ID,Equation,reaction_ids,pathway,compartment,glucose_flux,glucose_std_err,glucose_LB,glucose_UB,glucose_ΔB,glycerol_flux,glycerol_std_err,glycerol_LB,glycerol_UB,glycerol_ΔB,oleic_acid_flux,oleic_acid_std_err,oleic_acid_LB,oleic_acid_UB,oleic_acid_ΔB,glycerol_pfba_flux,glycerol_pfba_LB,glycerol_pfba_UB,glycerol_1_eflux2_flux,glycerol_1_eflux2_LB,glycerol_1_eflux2_UB,glycerol_1_trans_LB,glycerol_1_trans_UB,glycerol_2_eflux2_flux,glycerol_2_eflux2_LB,glycerol_2_eflux2_UB,glycerol_2_trans_LB,glycerol_2_trans_UB,glycerol_3_eflux2_flux,glycerol_3_eflux2_LB,glycerol_3_eflux2_UB,glycerol_3_trans_LB,glycerol_3_trans_UB
uptake,uptake,Glucose + ATP -> G6P,reverse_EX_glc_e,substrate_uptake,cytosol,100.0,5590.0,100.0,100.0,0.0,,,,,,,,,,,0.0,0.0,0.0,0.0,0.0,0.0,-4554.5360097324865,0.0,0.0,0.0,0.0,-4800.055522476471,0.0,0.0,0.0,0.0,-8684.08469927234,0.0
uptake,R3 glyc3p,GLYC + ATP -> Glyc3P,reverse_GLYCt,emp,cytosol,,,,,,100.0,5.9745e-11,100.0,100.0,0.0,,,,,,100.0,100.0,100.0,100.00000000000001,100.00000000000001,100.00000000000001,-10022.074307975947,10022.074307975947,100.0,100.0,100.0,-10803.532964993019,10803.532964993019,100.0,100.0,100.0,-23343.774920960972,23343.774920960972
uptake,R3 dhap net,Glyc3P <-> DHAP + UQH2,,emp,cytosol,,,,,,100.0,5.9745e-11,100.0,100.0,0.0,,,,,,,,,,,,,,,,,,,,,,,
uptake,OA uptake,OA + ATP -> 9*ACCOAcyt + 7*NADH + 7*FADH2,OCDCEAt,substrate_uptake,cytosol,,,,,,,,,,,100.0,2.5941e-10,100.0,100.0,0.0,0.0,0.0,0.0,0.0,0.0,0.0,0.0,inf,0.0,0.0,0.0,0.0,inf,0.0,0.0,0.0,0.0,inf
glycolysis/gluconeogensis,R4 net,G6P <-> F6P,PGI,emp,cytosol,16.1585,903.3512,7.638,25.076,17.438000000000002,-19.1688,1.7402,-26.9472,-15.8469,11.100299999999999,-103.548,3.1913,-345.183,-82.714,262.469,-24.648776064262,-134.366758477455,-1.935655149645,-2.0378168274350346,-16.087823093982156,-1.9356551496464676,-3311.1476790755178,3311.1476790755178,-2.037531736467427,-17.124022965537296,-1.935655149644776,-4278.289487183279,4278.289487183279,-2.3910666902010798,-43.25454081576625,-1.935655149645902,-7155.42526965943,7155.42526965943
glycolysis/gluconeogensis,R5 net,F6P + ATP <-> FBP,PFK or reverse_FBP,emp,cytosol,54.7001,3057.7,50.9378,57.0545,6.1166999999999945,-16.9137,0.6263,-19.3382,-15.6909,3.6473000000000013,-98.0166,3.0208,-167.8457,-86.4527,81.393,-16.115376126997,-359.966833815325,351.835518283221,-34.23748638003149,-60.9491883384403,-6.215371955390285,-2471.7466924818204,1036.2935782944326,-33.67480828420196,-60.94918834173987,-0.9325912519301198,-3091.571760361421,1334.8954408007069,-16.934684259522594,-112.18368092329393,81.79517582989627,-4927.262817520133,2074.193630421198
glycolysis/gluconeogensis,R6 net,FBP <-> DHAP + GAP,FBA,emp,cytosol,54.7001,3057.7,50.9378,57.0545,6.1166999999999945,-16.9137,0.6263,-19.3382,-15.6909,3.6473000000000013,-98.0166,3.0208,-167.8457,-86.4527,81.393,-16.115376126997,-359.966833815338,-4.065657765669,-34.23748638003149,-60.94918833941041,-29.85981432351913,-5482.613812435675,5482.613812435675,-33.67480828420196,-60.94918834221988,-24.577033623824086,-6997.9529456632235,6997.9529456632235,-16.934684259522594,-112.18368092188712,-7.0768622339089475,-11539.58543008707,11539.58543008707
glycolysis/gluconeogensis,R7 net,DHAP <-> GAP,TPI,emp,cytosol,52.9538,2960.1,49.0946,55.319,6.224400000000003,82.0273,0.6319,78.9156,83.264,4.348399999999998,-108.3464,3.3392,-176.4324,-95.959,80.4734,83.255900733014,33.696290416196,95.662095441524,65.47589795101439,51.67014887956077,69.86793888374454,-423.75403034551056,423.75403034551056,66.03861614443802,51.67014887900399,75.15071958334958,-447.31717413958233,447.31717413958233,82.72901604479779,45.96080571319926,92.65089097328165,-1258.4107137715548,1258.4107137715548
glycolysis/gluconeogensis,R8 net,GAP <-> G3P + ATP + NADH,GAPD,emp,cytosol,126.2018,7054.7,120.5904,130.0255,9.435099999999991,65.8028,0.7356,63.6523,67.2932,3.640900000000002,-205.1634,6.323,-256.9114,-184.8529,72.05850000000001,73.407044300246,29.36380396888,91.397389077141,60.88552522547331,47.30990487455513,64.85092758173701,-23425.3906042172,23425.3906042172,61.44888561298179,47.309904874260006,70.79047557842799,-26359.600902789993,26359.600902789993,76.40135030179192,41.60056170848071,87.52841620888225,-45740.984609701256,45740.984609701256
glycolysis/gluconeogensis,R9 net,G3P <-> PEP,ENO,emp,cytosol,121.4871,6791.1,115.6079,125.6591,10.051199999999994,63.2019,0.7767,61.1082,64.7828,3.674599999999998,-216.947,7.7634,-262.8657,-194.3019,68.56380000000001,42.873404318871,-126.335879677889,91.397389077139,15.93306679333231,-14.441672990639391,26.161026688310454,-6473.544212073172,6473.544212073172,17.61849256820492,-14.441672991643449,43.97967067774574,-7740.281532214209,7740.281532214209,53.63240784189364,-29.275554885393678,87.52841620898646,-12763.6940092965,12763.6940092965
glycolysis/gluconeogensis,R10 net,PEP <-> PYRcyt + ATP,PYK,emp,cytosol,117.2436,6553.8,111.0774,126.5098,15.432400000000001,60.6283,0.7959,58.58,62.2551,3.6751000000000005,14.1221,14.3439,0.0,112.2861,112.2861,41.711704044073,0.0,412.916671927449,15.403483133678822,0.0,38.03395134941468,0.0,3104.827197834636,17.088982997407474,0.0,43.47663658448424,0.0,3583.4814503048096,53.01102233205546,0.0,149.45131829638643,0.0,6200.175952739472
glycolysis/gluconeogensis,R32,OAAcyt + ATP -> PEP + CO2,PPCK,anaplerotic,cytosol,9.9998e-08,7.9151,0.0,9.6176,9.6176,2.0465e-06,2.5808e-11,0.0,0.7782,0.7782,242.132,18.3635,204.4483,372.5395,168.0912,0.0,0.0,355.901176048895,0.0,0.0,23.644442368333795,0.0,3009.090850910059,0.0,0.0,23.644442371932364,0.0,3666.522410843653,0.0,0.0,88.87203806285866,0.0,5901.96448416646
pentose phosphate,R11,G6P -> PG6 + NADPH,G6PDH2,pentose_phosphate,cytosol,60.9292,3406.0,50.2982,69.3906,19.092400000000005,5.273,1.6978,2.0588,15.8682,13.8094,17.3607,0.535,0.0,273.5399,273.5399,20.178599680862,0.0,132.431103328273,0.0,0.0,14.152167944194497,0.0,2299.266413793251,0.0,0.0,15.18836781589252,0.0,2182.105240517804,0.0,0.0,41.318885665851134,0.0,3900.282960984186
pentose phosphate,R12.2,PG6 -> Ru5P + CO2 + NADPH,GND,pentose_phosphate,cytosol,60.9292,3406.0,50.2982,69.3906,19.092400000000005,5.273,1.6978,2.0588,15.8682,13.8094,17.3607,0.535,0.0,273.5399,273.5399,20.647809315799,0.203174990925,132.634278318879,0.21389833591636517,0.2031749909269344,14.355342934529341,0.0,7154.356254807984,0.21386841136555104,0.20317499092543498,15.391542806904356,0.0,7390.30948407045,0.25097701580564025,0.2031749909230916,41.52206065805078,0.0,13155.693592621654
pentose phosphate,R13.2 net,Ru5P <-> R5P,reverse_RPI,pentose_phosphate,cytosol,22.3877,1251.5,19.008,25.2153,6.2073,3.0179,0.5694,1.9264,6.5241,4.5977,11.8293,0.3646,5.8507,96.2027,90.35199999999999,7.553782300555,0.358355914923,62.324160940253,30.334517353135656,26.15251247277545,44.35030247690001,-6106.630791129123,6106.630791129123,29.772385283283064,20.869731773293868,44.35030247734185,-6790.350544316116,6790.350544316116,12.355146438716499,3.369560383244331,50.05964564300541,-17976.402690881714,17976.402690881714
pentose phosphate,R14.2 net,Ru5P <-> X5P,RPE,pentose_phosphate,cytosol,38.5415,2154.5,31.2322,42.9235,11.691299999999998,2.2551,1.1287,0.1059,7.6108,7.5049,5.5314,0.1705,-6.2991,177.3372,183.6363,13.094027015244,-47.926591379095,88.13222129463,-30.120619017219287,-39.193642203868336,-25.94933748185307,-1698.7508409100228,1698.7508409100228,-29.558516871917515,-39.19364220433363,-20.666556782406833,-2118.9365098420135,2118.9365098420135,-12.104169422919544,-44.24187285277838,14.471485835786737,-3797.72392068578,3797.72392068578
pentose phosphate,R15.2 net,X5P <-> GAP + TKC2,TKT1 or TKT2,pentose_phosphate,cytosol,38.5415,2154.5,31.2322,42.9235,11.691299999999998,2.2551,1.1287,0.1059,7.6108,7.5049,5.5314,0.1705,-6.2991,177.3372,183.6363,13.094027015243,-49.459865685578,88.13222129458799,-30.120619017214736,-39.19364220382278,-25.949337481912277,-5708.108890277531,5708.108890277531,-29.55851687191751,-39.19364220449683,-20.666556782037226,-6516.3633750931585,6516.3633750931585,-12.104169422919544,-44.24187285305627,14.471485835248323,-10913.63660496352,10913.63660496352
pentose phosphate,R16.2 net,E4P + TKC2 <-> F6P,TKT2,pentose_phosphate,cytosol,18.2099,1017.9,14.4968,21.0188,6.5219999999999985,0.4842,0.5628,-0.5867,4.0518,4.6385000000000005,-7.2058e-07,3.5789e-09,-6.0327,86.3696,92.40230000000001,6.256588438922,-25.622328519094,43.940352124208,-15.19270542352074,-19.722579624990168,-13.100427263925607,-2854.0544451387655,2854.0544451387655,-14.911635828659318,-19.722579625327388,-10.459036914140787,-3258.1816875465793,3258.1816875465793,-6.207431088921488,-22.246694949536234,7.1099843945031695,-5456.81830248176,5456.81830248176
pentose phosphate,R17.2 net,R5P + TKC2 <-> S7P,TKT1,pentose_phosphate,cytosol,20.3316,1136.6,16.7898,23.1501,6.360299999999999,1.771,0.566,0.6921,4.4382,3.7461,5.5314,0.1705,-0.2663,90.9676,91.2339,6.837438576321,-23.837537166484,44.19186917038,-14.927913593693994,-19.471062578832615,-12.84891021798667,-2854.0544451387655,2854.0544451387655,-14.646881043258196,-19.471062579169445,-10.207519867896439,-3258.1816875465793,3258.1816875465793,-5.896738333998055,-21.995177903520037,7.361501440745154,-5456.81830248176,5456.81830248176
pentose phosphate,R18.2 net,GAP + TAC3 <-> F6P,TALA,pentose_phosphate,cytosol,20.3316,1136.6,16.7898,23.1501,6.360299999999999,1.771,0.566,0.6921,4.4382,3.7461,5.5314,0.1705,-0.2663,90.9676,91.2339,6.837438576321,-355.853007988569,44.191869170386,-14.927913593693994,-39.4373625934866,-12.84891021798667,-4154.192294477001,4154.192294477001,-14.646881043258196,-39.43736259744811,-10.207519868088442,-6070.6782198312185,6070.6782198312185,-5.896738333998055,-96.38067848561418,7.361501440970939,-8924.112800360228,8924.112800360228
pentose phosphate,R19.2 net,S7P <-> E4P + TAC3,TALA,pentose_phosphate,cytosol,20.3316,1136.6,16.7898,23.1501,6.360299999999999,1.771,0.566,0.6921,4.4382,3.7461,5.5314,0.1705,-0.2663,90.9676,91.2339,6.837438576321,-355.853007988569,44.191869170386,-14.927913593693994,-39.4373625934866,-12.84891021798667,-4154.192294477001,4154.192294477001,-14.646881043258196,-39.43736259744811,-10.207519868088442,-6070.6782198312185,6070.6782198312185,-5.896738333998055,-96.38067848561418,7.361501440970939,-8924.112800360228,8924.112800360228
TCA cycle,R19,PYRmit -> ACCOAmit + CO2 + NADH,PDHm,tca_cycle,mitochondria,92.7917,5187.0,86.6629,100.6986,14.035700000000006,43.5922,0.9147,41.5129,45.4798,3.9668999999999954,8.0466e-07,6.512e-11,0.0,96.285,96.285,13.708121687403,0.0,88.287402218557,25.64641263056661,0.4532590770231129,32.429185056989404,0.0,3766.7379161290582,23.08160159373042,0.0,32.42918505763011,0.0,4263.121311732253,23.181395714297334,0.0,42.66539174758871,0.0,6961.075454089715
TCA cycle,R20,ACCOAmit + OAAmit -> CITmit,CSm,tca_cycle,mitochondria,40.2874,2252.0,28.17,51.2108,23.040799999999997,13.9561,1.2065,12.5923,16.525,3.9326999999999988,364.4949,17.5154,347.2815,430.2887,83.00720000000001,5.046228011147,0.0,330.326295311119,22.912262902721615,14.457478626339832,45.96497570396294,0.0,5189.438329489196,23.334468680963557,14.45747862572399,45.96497570651869,0.0,4799.863520255572,25.461792993539024,0.0,103.22711782747221,0.0,10621.156632292028
TCA cycle,R21 net,CITmit <-> ICTmit,ACONTm,tca_cycle,mitochondria,27.9685,1563.6,12.6008,40.3555,27.7547,8.1747,1.3111,7.1646,10.9497,3.7851,51.3892,26.1536,21.0202,110.633,89.6128,0.688874827099,-997.814905632733,1000.0,0.4351347319726796,-1103.1997122774028,1109.0354511718751,-2473.8873244063943,2473.8873244063943,0.0,-1056.7322232731951,1062.6015042986264,-3057.7793694831867,3057.7793694831867,0.0,-1851.099494496892,1867.967003242578,-5276.449863277874,5276.449863277874
TCA cycle,R23,ICTmit -> AKG + CO2 + NADH,ICDHxm,tca_cycle,mitochondria,27.9685,89320.0,0.0,40.3559,40.3559,4.1618,353380.0,0.0,10.9497,10.9497,2.0587e-06,319520.0,0.0,85.2036,85.2036,0.0,0.0,76.002000886581,0.0,0.0,5.628859249365648,0.0,1429.9876709757089,0.0,0.0,5.681247543910786,0.0,1439.0086450832214,0.0,0.0,16.7012174611031,0.0,2610.0884972132944
TCA cycle,R24,ICTmit -> AKG + CO2 + NADPH,ICDHym,tca_cycle,mitochondria,1.0002e-07,89302.0,0.0,30.8352,30.8352,4.0129,353380.0,0.0,9.1309,9.1309,51.3892,319520.0,0.0,110.6141,110.6141,0.688874827099,0.0,64.543543901797,0.4351347319726796,0.0,5.7298915101708605,0.0,3976.4742993772397,0.0,0.0,5.7561511341482685,0.0,3794.0118855206274,0.0,0.0,15.621091408541252,0.0,6875.3635381078975
TCA cycle,R25,AKG -> 0.5*SUCmit + 0.5*SUCmit + CO2 + ATP + NADH,AKGDam and AKGDbm,tca_cycle,mitochondria,15.9608,892.6194,0.0,29.3331,29.3331,0.8923,1.3838,0.0,3.8277,3.8277,25.0982,26.9639,0.0,86.2498,86.2498,0.0,0.0,77.321204159037,0.0,0.0,3.850609155491777,-1041.0302957445545,1041.0302957445545,0.0,0.0,3.9521730180709667,-1219.3101038194734,1219.3101038194734,0.0,0.0,15.593173160649485,-1894.8672813812245,1894.8672813812245
TCA cycle,R26 net,SUCmit <-> FUMmit + UQH2,SUCD2_u6m and SUCD1m,tca_cycle,mitochondria,28.2797,1580.9,15.0997,40.2079,25.108200000000004,6.6737,1.277,5.4743,9.4004,3.926099999999999,338.2039,18.3233,319.8737,410.6453,90.77160000000003,0.0,0.0,113.404432766615,0.0,0.0,6.630351438902586,0.0,385.13156498297906,0.0,0.0,6.630351439915467,0.0,425.2369187361906,0.0,0.0,26.47484733166111,0.0,797.459497934179
TCA cycle,R27 net,0.5*FUMmit + 0.5*FUMmit <-> 0.5*MALmit + 0.5*MALmit,FUMm,tca_cycle,mitochondria,30.0635,1680.6,17.1305,41.8427,24.7122,7.7555,1.2664,6.5658,10.4589,3.8930999999999996,341.8693,18.2107,323.6948,413.3904,89.69560000000001,0.0,0.0,113.404432766607,0.0,0.0,6.630351438711296,-1567.8990213504085,1567.8990213504085,0.0,0.0,6.630351439776265,-1724.2279442287731,1724.2279442287731,0.0,0.0,26.474847331530846,-3006.3432820410912,3006.3432820410912
TCA cycle,R28 net,MALmit <-> OAAmit + NADH,MDHm,tca_cycle,mitochondria,40.2874,2252.0,28.17,51.2108,23.040799999999997,13.9561,1.2065,12.5923,16.525,3.9326999999999988,364.4949,17.5154,347.2815,430.2887,83.00720000000001,0.0,-673.623203255274,439.845967876512,0.0,-125.10680573331746,42.962005149264755,-5282.669681608419,5282.669681608419,0.730000918725851,-153.4755613613287,81.48567977355604,-6256.104364664484,6256.104364664484,4.956445653983527,-251.43371229834642,237.44681756956015,-9755.700751162547,9755.700751162547
pyruvate metabolism,R29 net,MALmit <-> PYRmit + CO2 + NADH,ME1m,anaplerotic,mitochondria,-10.2239,571.4598,-11.2237,-4.712,6.511699999999999,-6.2006,0.0677,-6.2882,-5.9066,0.3815999999999997,27.324,0.8421,-23.5867,120.2857,143.8724,0.0,0.0,468.168827792004,0.0,0.0,31.525923158520786,0.0,171.9792797274987,0.0,0.0,31.5259231636581,0.0,228.2426400937562,0.0,0.0,118.4960507515145,0.0,357.61060791603495
pyruvate metabolism,R31,PYRcyt + CO2 + ATP -> OAAcyt,PC,anaplerotic,cytosol,1.3284,74.2421,0.0,5.7862,5.7862,3.0122,0.2388,2.5256,3.5355,1.0099,15.3217,14.3567,0.0,62.3378,62.3378,17.124543304537,0.0,472.734003993004,28.90457151466229,19.218752562409374,59.01439268207959,0.0,2440.8213929757367,29.153826314050082,19.21875256209676,59.0143926858897,0.0,2604.8941309375314,36.25818517694285,10.625206428791916,153.07070267560823,0.0,5201.766734864132
pyruvate metabolism,R35,AA -> AC + NADH,ALDD2y,acetate_metabolism ,cytosol,1.5738e-05,60003.0,0.0,1.1631,1.1631,2.102e-06,244160.0,0.0,0.2015,0.2015,0.9578,3.2896,0.0,24.7619,24.7619,0.0,0.0,109.988872223917,1.8218144038929946,0.0,1.8218144038929946,0.0,1.8218144038929946,0.0,0.0,4.368050525453589,0.0,4.368050525453589,0.0,0.0,8.68408469927234,0.0,8.68408469927234
pyruvate metabolism,R36,AA -> AC + NADPH,,acetate_metabolism ,cytosol,0.9542,60003.0,0.0,2.1173,2.1173,1.0956,244160.0,0.0,1.3082,1.3082,1.0016e-07,9.5465e-09,0.0,23.8039,23.8039,,,,,,,,,,,,,,,,,,
pyruvate metabolism,R37 net,AC + ATP <-> ACCOAcyt,ACS or reverse_ACOAH,acetate_metabolism ,cytosol,2.3437,131.0054,1.3221,3.5411,2.2190000000000003,1.9382,0.0915,1.6632,2.1408,0.4776,5.8895,3.2047,3.8578,29.7333,25.8755,0.220633362625,0.0,101.002749399114,3.7442088163781433,0.0,7.06172432925842,0.0,1881.9342792214634,0.10056593735990507,0.0,12.989680777538652,0.0,2690.623122568961,0.1180152725271125,0.0,28.535322561572173,0.0,4243.391147452436
glyoxylate shunt,R41.2 net,CITcyt <-> ICTcyt,,,,12.3189,688.7175,9.9873,20.8181,10.830800000000002,5.7814,0.2544,5.3203,6.3999,1.0796000000000001,313.1057,8.7937,291.4722,404.456,112.98380000000003,,,,,,,,,,,,,,,,,,
glyoxylate shunt,R43.2,ICTcyt -> GLYOXYcyt + SUCcyt,ICL,glyoxylate_shunt,cytosol,12.3189,688.7175,9.9873,20.8181,10.830800000000002,5.7814,0.2544,5.3203,6.3999,1.0796000000000001,313.1057,8.7937,291.4722,404.456,112.98380000000003,0.0,0.0,113.404432766346,0.0,0.0,6.630351438939023,0.0,5010.718336467292,0.0,0.0,6.630351439896267,0.0,5204.556201355564,0.0,0.0,26.474847331739262,0.0,9980.358022332723
glyoxylate shunt,R45,ACCOAcyt + GLYOXYcyt -> MALcyt,MALSp,glyoxylate_shunt,cytosol,12.3189,688.7175,9.9873,20.8181,10.830800000000002,5.7814,0.2544,5.3203,6.3999,1.0796000000000001,313.1057,8.7937,291.4722,404.456,112.98380000000003,0.0,0.0,0.0,0.0,0.0,0.0,0.0,1441.1007388394562,0.0,0.0,0.0,0.0,1451.680791662559,0.0,0.0,0.0,0.0,3000.1775819046084
glyoxylate shunt,R46,MALcyt -> OAAcyt + NADH,MDH,tca_cycle,cytosol,12.3189,688.5462,9.9871,21.7042,11.7171,5.7814,0.2544,5.3203,6.3997,1.0794000000000006,263.1561,7.2763,239.1927,390.4334,151.2407,10.373320454039,-424.831237504828,623.343206976195,0.0,-42.268504276693875,105.27032272417671,-3737.4977949465756,3737.4977949465756,0.0,-80.79217890097841,133.6132292690297,-4035.550679411644,4035.550679411644,0.0,-245.04028671363628,222.3302666703516,-7716.677663773401,7716.677663773401
compartment transport,R18,PYRcyt -> PYRmit,PYRt2m,transport,mitochondria,116.2532,6498.4,109.8734,123.6819,13.808499999999995,57.821,0.8105,55.5389,59.4518,3.9129000000000005,8.4924e-07,2.0929e-10,0.0,118.6184,118.6184,21.979093435789,-416.762013138514,89.934565240963,30.14526514661966,-2.75176429079404,34.16987563555769,-inf,inf,30.73857168014107,-2.7517642952430896,34.16987563610857,-inf,inf,32.166937286014566,-85.60585298223427,44.41427731020494,-inf,inf
compartment transport,R42 net,ACCOAcyt <-> ACCOAmit,,,,-50.2511,2809.2,-61.8069,-45.1953,16.611599999999996,-28.2696,0.455,-29.0546,-27.2949,1.7597000000000023,369.16,17.372,316.6482,423.2757,106.6275,,,,,,,,,,,,,,,,,,
compartment transport,cit transp,CITmit -> CITcyt,CITtam or CITtbm or CITtcm,transport,mitochondria,12.3189,688.7175,9.9873,20.8181,10.830800000000002,5.7814,0.2544,5.3203,6.3999,1.0796000000000001,313.1057,8.7937,291.4722,404.456,112.98380000000003,-4.357353184049,-1358.712974876314,1051.545215001431,-22.477128170748937,-1151.4333126589333,1091.1788450644076,-3309.5991368322084,3309.5991368322084,-23.334468680968357,-1104.9658236584478,1044.7113560610487,-3170.1966698195856,3170.1966698195856,-25.461792993547707,-1962.182154018514,1854.2681444136388,-5553.2984834906765,5553.2984834906765
compartment transport,R44,SUCcyt -> SUCmit,SUCCtm,transport,mitochondria,12.3189,688.7175,9.9873,20.8181,10.830800000000002,5.7814,0.2544,5.3203,6.3999,1.0796000000000001,313.1057,8.7937,291.4722,404.456,112.98380000000003,0.0,0.0,113.404432766615,0.0,0.0,6.630351438902586,0.0,111.31286007786197,0.0,0.0,6.630351440069069,0.0,139.68161570406534,0.0,0.0,26.4748473313398,0.0,237.68339821908395
compartment transport,R47,MALcyt -> MALmit,MALtm or reverse_CITtam or reverse_DICtm,transport,mitochondria,1.0001e-07,9.2808,0.0,6.1103,6.1103,1.9831e-06,3.5229e-11,0.0,0.3057,0.3057,49.9496,1.5394,0.0,141.0555,141.0555,8.52778835754,-839.306069667065,775.569685868859,0.730103060073791,-105.92234430387423,58.179054462461195,-1325.825432433127,1214.5125723552649,0.7300009187258496,-134.29109993181515,98.86982486531628,-1336.0954546813257,1196.4138389772604,4.956445653983529,-267.3268954675092,333.8714260673955,-2326.4662909350595,2088.782892715976
amino acid biosynthesis,R48,G3P -> SER + NADH,,,,4.7146,263.5628,4.0957,5.4976,1.4019000000000004,2.6009,0.0577,2.4696,2.7419,0.2723,11.7836,1.8874,0.0,12.7834,12.7834,,,,,,,,,,,,,,,,,,
amino acid biosynthesis,R50 net,SER <-> GLY + MTHF,,,,1.9732,110.3147,1.4156,2.5653,1.1497000000000002,0.9383,0.0488,0.8274,1.0741,0.24670000000000003,5.719,1.7615,-6.0935,6.4612,12.5547,,,,,,,,,,,,,,,,,,
amino acid biosynthesis,R51 net,CO2 + MTHF + NADH <-> GLY,,,,0.3585,20.0475,-0.2078,0.8764,1.0842,-0.041,0.0461,-0.1422,0.0949,0.23709999999999998,0.9873,1.6712,-10.8917,1.5284,12.4201,,,,,,,,,,,,,,,,,,
amino acid biosynthesis,R52,AKG + NADPH -> GLU,,,,40.5824,2268.6,36.9632,45.1679,8.204700000000003,25.1292,0.2759,24.5244,25.5919,1.067499999999999,90.9605,2.8341,69.6159,115.4479,45.83200000000001,,,,,,,,,,,,,,,,,,
amino acid biosynthesis,R53,GLU + ATP -> GLN,,,,6.2057,346.9084,5.6858,6.8391,1.1532999999999998,3.7636,0.0411,3.6714,3.8168,0.14539999999999997,19.3601,0.5967,14.6939,20.1824,5.488500000000002,,,,,,,,,,,,,,,,,,
amino acid biosynthesis,R54,GLU + ATP + 2*NADPH -> PRO,,,,1.4083,78.7235,1.2904,1.552,0.26160000000000005,0.8541,0.0093,0.8331,0.8661,0.03300000000000003,3.9986,0.1232,3.0349,4.1685,1.1336,,,,,,,,,,,,,,,,,,
amino acid biosynthesis,R55,GLU + GLU + CO2 + GLN + ASP + 5*ATP + NADPH -> AKG + ARG + GLU + FUMmit,,,,1.2205,68.2271,1.1182,1.3451,0.22689999999999988,0.7402,0.0081,0.7221,0.7507,0.02860000000000007,2.6658,0.0822,2.0233,2.779,0.7557,,,,,,,,,,,,,,,,,,
amino acid biosynthesis,R56,OAAcyt + GLU -> ASP + AKG,,,,13.6473,762.8915,12.0301,15.6848,3.6547,8.7936,0.1228,8.4738,9.0526,0.5787999999999993,36.3458,2.8087,27.5115,60.4135,32.902,,,,,,,,,,,,,,,,,,
amino acid biosynthesis,R58,ASP + GLN -> ASN + GLU,,,,1.8401,102.8654,1.6861,2.0279,0.3417999999999999,1.116,0.0122,1.0886,1.1318,0.043199999999999905,6.5311,0.2013,4.957,6.8085,1.8515000000000006,,,,,,,,,,,,,,,,,,
amino acid biosynthesis,R60,PYRmit + GLU -> ALA + AKG,,,,3.5676,199.433,3.2687,3.9317,0.6630000000000003,2.1636,0.0236,2.1106,2.1942,0.08360000000000012,6.3312,0.1951,4.8052,6.6001,1.7949000000000002,,,,,,,,,,,,,,,,,,
amino acid biosynthesis,R61,ASP + 2*ATP + 2*NADPH -> THR,,,,4.4373,248.0402,3.3141,5.7098,2.3957000000000006,3.208,0.0937,2.9281,3.4246,0.4964999999999997,11.321,3.1171,8.5867,35.1903,26.6036,,,,,,,,,,,,,,,,,,
amino acid biosynthesis,R62 net,THR <-> GLY + AA + NADH,,,,0.9542,53.3343,0.0,2.1174,2.1174,1.0956,0.0913,0.8225,1.3102,0.4877,0.9578,3.2896,0.0,24.747,24.747,,,,,,,,,,,,,,,,,,
amino acid biosynthesis,R63,SER + ACCOAcyt + 3*ATP + 4*NADPH -> CYS + AC,,,,0.338,18.8936,0.3097,0.3725,0.06280000000000002,0.205,0.0022,0.2,0.2079,0.00789999999999999,1.1996,0.037,0.9105,1.2505,0.33999999999999997,,,,,,,,,,,,,,,,,,
amino acid biosynthesis,R64,ASP + MTHF + ACCOAcyt + 2*NADPH -> MET + AC,,,,1.0515,58.7802,0.9635,1.1588,0.19530000000000003,0.6377,0.007,0.6221,0.6467,0.024600000000000066,3.7321,0.115,2.8326,3.8906,1.0580000000000003,,,,,,,,,,,,,,,,,,
amino acid biosynthesis,R65,AKG + ACCOAcyt + GLU + GLU -> LYS + CO2 + AKG + AKG,,,,2.2532,125.9577,2.0645,2.4832,0.4187000000000003,1.3665,0.0149,1.333,1.3858,0.05279999999999996,1.9993,0.0616,1.5174,2.0842,0.5668,,,,,,,,,,,,,,,,,,
amino acid biosynthesis,R67,PYRmit + PYRmit + GLU + NADPH -> VAL + CO2 + AKG,,,,1.8777,104.9647,1.7205,2.0693,0.3488000000000002,1.1388,0.0124,1.1109,1.1549,0.04400000000000004,4.3319,0.1335,3.2878,4.5159,1.2281000000000004,,,,,,,,,,,,,,,,,,
amino acid biosynthesis,R69,PEP + PEP + E4P + GLU + ATP + NADPH -> PHE + CO2 + AKG,,,,1.2205,68.2271,1.1183,1.3451,0.2267999999999999,0.7402,0.0081,0.7221,0.7507,0.02860000000000007,2.6658,0.0822,2.0233,2.779,0.7557,,,,,,,,,,,,,,,,,,
amino acid biosynthesis,R70,PEP + PEP + E4P + GLU + ATP + NADPH -> TYR + CO2 + AKG,,,,0.5633,31.4894,0.5161,0.6208,0.10470000000000002,0.3416,0.0037,0.3333,0.3465,0.01319999999999999,1.6661,0.0513,1.2645,1.7369,0.47240000000000015,,,,,,,,,,,,,,,,,,
amino acid biosynthesis,R71.2,SER + R5P + PEP + E4P + PEP + GLN + 3*ATP + NADPH -> TRP + CO2 + GAP + PYRcyt + GLU,,,,0.338,18.8936,0.3097,0.3725,0.06280000000000002,0.205,0.0022,0.2,0.2079,0.00789999999999999,1.1996,0.037,0.9105,1.2505,0.33999999999999997,,,,,,,,,,,,,,,,,,
amino acid biosynthesis,R72.2,R5P + MTHF + GLN + ASP + 5*ATP -> HIS + AKG + FUMmit + 2*NADH,,,,0.5633,31.4894,0.5161,0.6208,0.10470000000000002,0.3416,0.0037,0.3333,0.3465,0.01319999999999999,0.9997,0.0308,0.7587,1.0421,0.2834,,,,,,,,,,,,,,,,,,
amino acid biosynthesis,R76,PYRmit + THR + GLU + NADPH -> ILE + CO2 + AKG,,,,1.4083,78.7235,1.2904,1.552,0.26160000000000005,0.8541,0.0093,0.8331,0.8661,0.03300000000000003,2.999,0.0924,2.2762,3.1264,0.8502000000000001,,,,,,,,,,,,,,,,,,
amino acid biosynthesis,R77,ACCOAmit + PYRmit + PYRmit + GLU + NADPH -> LEU + CO2 + CO2 + AKG,,,,2.2532,125.9577,2.0646,2.4832,0.4186000000000001,1.3665,0.0149,1.333,1.3859,0.05289999999999995,4.6651,0.1438,3.5407,4.8632,1.3224999999999998,,,,,,,,,,,,,,,,,,
biomass formation,R80 steph AC,0.294*ALA + 0.174*ARG + 0.196*ASN + 0.196*ASP + 0.036*CYS + 0.239*GLN + 0.239*GLU + 0.214*GLY + 0.112*HIS + 0.159*ILE + 0.319*LEU + 0.254*LYS + 0.112*MET + 0.174*PHE + 0.17*PRO + 0.203*SER + 0.221*THR + 0.036*TRP + 0.112*TYR + 0.221*VAL -> Biomass,biomass_C or biomass_glucose or biomass_oil,biomass_formation,cytosol,9.3883,524.8236,8.6023,10.3466,1.7443000000000008,5.6938,0.0621,5.5543,5.7743,0.22000000000000064,33.322,1.027,25.2907,34.7374,9.4467,3.97729533513,1.722230072553,8.630107725750001,1.8131274174543623,1.7222300725517707,1.9932876369901358,0.0,inf,1.8128737605816572,1.7222300725544941,1.9925312271955407,0.0,inf,2.127427997747974,1.7222300725520938,2.930537783129807,0.0,inf
energy metabolism,R81,ATP -> ATP_maintenance,ATPM,energy_metabolism,cytosol,653.3256,36521.0,457.2097,813.9649,356.75519999999995,228.6539,12.8736,212.3513,256.9249,44.57359999999997,1670.3,233.2869,1332.1,3378.0,2045.9,0.0,0.0,355.90117604962,0.0,0.0,23.64444236845677,0.0,inf,0.0,0.0,23.644442372052367,0.0,inf,0.0,0.0,88.87203792170754,0.0,inf
energy metabolism,R82,NADH -> NADPH,,,,15.0638,60357.0,0.0,50.0149,50.0149,69.5149,238820.0,53.1875,77.1937,24.006200000000007,501.3302,319520.0,0.0,649.487,649.487,,,,,,,,,,,,,,,,,,
energy metabolism,R83,NADH -> 2*ATP,,,,294.9322,16486.0,218.063,356.4339,138.3709,61.8327,4.6985,55.0685,73.8344,18.765900000000002,677.9611,83.8913,556.3029,1432.6,876.2970999999999,,,,,,,,,,,,,,,,,,
co2_formation,R79,CO2 -> CO2_EX,reverse_CO2t,transport,extracellular,196.6863,10995.0,155.5292,230.4545,74.9253,55.3994,2.6695,51.9415,61.3921,9.450600000000001,368.5212,44.1172,307.7156,708.4366,400.721,40.933714113194,0.0,134.882174881954,52.824928477084235,38.162756192957474,85.06012322793337,-inf,inf,51.14387346448819,26.3445770539444,85.06012323022514,-inf,inf,19.184522720291447,0.0,120.673930945277,-inf,inf
