Unnamed: 0,ID,Equation,reaction_ids,pathway,compartment,glucose_flux,glucose_std_err,glucose_LB,glucose_UB,glucose_ΔB,glycerol_flux,glycerol_std_err,glycerol_LB,glycerol_UB,glycerol_ΔB,oleic_acid_flux,oleic_acid_std_err,oleic_acid_LB,oleic_acid_UB,oleic_acid_ΔB,oleic_acid_pfba_flux,oleic_acid_pfba_LB,oleic_acid_pfba_UB,oleic_acid_1_eflux2_flux,oleic_acid_1_eflux2_LB,oleic_acid_1_eflux2_UB,oleic_acid_1_trans_LB,oleic_acid_1_trans_UB,oleic_acid_2_eflux2_flux,oleic_acid_2_eflux2_LB,oleic_acid_2_eflux2_UB,oleic_acid_2_trans_LB,oleic_acid_2_trans_UB,oleic_acid_3_eflux2_flux,oleic_acid_3_eflux2_LB,oleic_acid_3_eflux2_UB,oleic_acid_3_trans_LB,oleic_acid_3_trans_UB
uptake,uptake,Glucose + ATP -> G6P,reverse_EX_glc_e,substrate_uptake,cytosol,100.0,5590.0,100.0,100.0,0.0,,,,,,,,,,,0.0,0.0,0.0,0.0,0.0,0.0,-42053.68951460699,0.0,0.0,0.0,0.0,-96567.73147803453,0.0,0.0,0.0,0.0,-66854.58333095693,0.0
uptake,R3 glyc3p,GLYC + ATP -> Glyc3P,reverse_GLYCt,emp,cytosol,,,,,,100.0,5.9745e-11,100.0,100.0,0.0,,,,,,0.0,-22.11617471235,0.0,0.0,-22.116174711390826,0.0,-139603.5303971651,139603.5303971651,0.0,-22.11617470982094,0.0,-426639.1347019009,426639.1347019009,0.0,-22.11617471142131,0.0,-245340.2757246125,245340.2757246125
uptake,R3 dhap net,Glyc3P <-> DHAP + UQH2,,emp,cytosol,,,,,,100.0,5.9745e-11,100.0,100.0,0.0,,,,,,,,,,,,,,,,,,,,,,,
uptake,OA uptake,OA + ATP -> 9*ACCOAcyt + 7*NADH + 7*FADH2,OCDCEAt,substrate_uptake,cytosol,,,,,,,,,,,100.0,2.5941e-10,100.0,100.0,0.0,100.0,100.0,100.0,100.0,100.0,100.0,0.0,inf,100.0,100.0,100.0,0.0,inf,100.0,100.0,100.0,0.0,inf
glycolysis/gluconeogensis,R4 net,G6P <-> F6P,PGI,emp,cytosol,16.1585,903.3512,7.638,25.076,17.438000000000002,-19.1688,1.7402,-26.9472,-15.8469,11.100299999999999,-103.548,3.1913,-345.183,-82.714,262.469,-32.414899830509995,-434.78141613173,-30.298768155350004,-31.893440163533658,-434.7814161298716,-30.298768155348565,-35053.432358005506,35053.432358005506,-31.89344016355578,-434.7814161275105,-30.29876815532005,-80028.57610779155,80028.57610779155,-31.89344016354567,-434.7814161293431,-30.2987681553617,-53654.14585225948,53654.14585225948
glycolysis/gluconeogensis,R5 net,F6P + ATP <-> FBP,PFK or reverse_FBP,emp,cytosol,54.7001,3057.7,50.9378,57.0545,6.1166999999999945,-16.9137,0.6263,-19.3382,-15.6909,3.6473000000000013,-98.0166,3.0208,-167.8457,-86.4527,81.393,-63.57950960398,-465.81357888920996,346.95584177987996,-62.55670373139951,-465.8135788674023,346.9558417842742,-16472.430182871558,11285.948655035078,-62.55670373141043,-465.8135788839373,346.95584177747395,-50497.198144493814,23368.425340369577,-62.556703731434595,-465.81357886749345,346.95584177733986,-27219.84360319911,14966.067024468019
glycolysis/gluconeogensis,R6 net,FBP <-> DHAP + GAP,FBA,emp,cytosol,54.7001,3057.7,50.9378,57.0545,6.1166999999999945,-16.9137,0.6263,-19.3382,-15.6909,3.6473000000000013,-98.0166,3.0208,-167.8457,-86.4527,81.393,-63.57950960398,-465.81357886955,-59.42886854485,-62.55670373139951,-465.81357887396274,-59.42886854476014,-49810.913082471394,49810.913082471394,-62.55670373141043,-465.81357886752073,-59.42886854492682,-101627.88060748354,101627.88060748354,-62.556703731434595,-465.81357888053014,-59.42886854474252,-73744.61668904535,73744.61668904535
glycolysis/gluconeogensis,R7 net,DHAP <-> GAP,TPI,emp,cytosol,52.9538,2960.1,49.0946,55.319,6.224400000000003,82.0273,0.6319,78.9156,83.264,4.348399999999998,-108.3464,3.3392,-176.4324,-95.959,80.4734,-70.30356513097,-204.87346388363,-65.71395967693,-69.17258913375584,-204.87346388101332,-65.71395967716266,-1912.6017991243257,1912.6017991243257,-69.17258913377005,-204.87346388310596,-65.71395967703809,-3796.0775244015376,3796.0775244015376,-69.17258913372834,-204.8734638813982,-65.71395967712215,-2638.0818582395605,2638.0818582395605
glycolysis/gluconeogensis,R8 net,GAP <-> G3P + ATP + NADH,GAPD,emp,cytosol,126.2018,7054.7,120.5904,130.0255,9.435099999999991,65.8028,0.7356,63.6523,67.2932,3.640900000000002,-205.1634,6.323,-256.9114,-184.8529,72.05850000000001,-135.13306285024998,-265.47071796218,-126.31121375756999,-132.9591723764025,-265.4707179625874,-126.31121375739104,-125516.38548356204,125516.38548356204,-132.95917237643604,-265.4707179620936,-126.31121375776394,-273249.0186675613,273249.0186675613,-132.95917237643354,-265.4707179619548,-126.3112137572776,-195802.36656804004,195802.36656804004
glycolysis/gluconeogensis,R9 net,G3P <-> PEP,ENO,emp,cytosol,121.4871,6791.1,115.6079,125.6591,10.051199999999994,63.2019,0.7767,61.1082,64.7828,3.674599999999998,-216.947,7.7634,-262.8657,-194.3019,68.56380000000001,-135.13306285024998,-288.86509788746,-126.31121375756999,-132.9591723764025,-288.8650978891646,-126.31121375743311,-50053.98340786582,50053.98340786582,-132.95917237643604,-288.8650978873616,-126.31121375776394,-103395.07009353158,103395.07009353158,-132.95917237643354,-288.86509789191354,-126.31121375734445,-75729.52926814146,75729.52926814146
glycolysis/gluconeogensis,R10 net,PEP <-> PYRcyt + ATP,PYK,emp,cytosol,117.2436,6553.8,111.0774,126.5098,15.432400000000001,60.6283,0.7959,58.58,62.2551,3.6751000000000005,14.1221,14.3439,0.0,112.2861,112.2861,0.0,0.0,406.38471034449,0.0,0.0,406.384710318563,0.0,13391.576889031448,0.0,0.0,406.38471032085573,0.0,33120.800542336285,0.0,0.0,406.3847103357876,0.0,21497.091270069202
glycolysis/gluconeogensis,R32,OAAcyt + ATP -> PEP + CO2,PPCK,anaplerotic,cytosol,9.9998e-08,7.9151,0.0,9.6176,9.6176,2.0465e-06,2.5808e-11,0.0,0.7782,0.7782,242.132,18.3635,204.4483,372.5395,168.0912,140.00372519145,130.86390618626,537.2486165294699,137.75148019622387,130.8639061865157,537.2486165077281,0.0,70637.58227768536,137.75148019616634,130.863906186556,537.2486165081842,0.0,281252.5522524608,137.75148019618683,130.86390618696916,537.2486164972183,0.0,138167.03027842205
pentose phosphate,R11,G6P -> PG6 + NADPH,G6PDH2,pentose_phosphate,cytosol,60.9292,3406.0,50.2982,69.3906,19.092400000000005,5.273,1.6978,2.0588,15.8682,13.8094,17.3607,0.535,0.0,273.5399,273.5399,0.0,0.0,404.48264797436,0.0,0.0,404.4826479746071,0.0,29785.36667251069,0.0,0.0,404.48264797354244,0.0,67089.46576704971,0.0,0.0,404.48264797438253,0.0,47186.633460822704
pentose phosphate,R12.2,PG6 -> Ru5P + CO2 + NADPH,GND,pentose_phosphate,cytosol,60.9292,3406.0,50.2982,69.3906,19.092400000000005,5.273,1.6978,2.0588,15.8682,13.8094,17.3607,0.535,0.0,273.5399,273.5399,5.01809371796,4.69049908953,409.17314706386003,4.937367462677406,4.690499089518303,409.17314706374697,0.0,57283.85370921706,4.937367462661175,4.69049908948949,409.1731470637079,0.0,118277.12319161146,4.9373674626396244,4.6904990894976155,409.17314706341216,0.0,87609.5887260525
pentose phosphate,R13.2 net,Ru5P <-> R5P,reverse_RPI,pentose_phosphate,cytosol,22.3877,1251.5,19.008,25.2153,6.2073,3.0179,0.5694,1.9264,6.5241,4.5977,11.8293,0.3646,5.8507,96.2027,90.35199999999999,5.16601635356,4.82876493839,143.988269143,5.082910461473031,4.8287649383951745,143.98826914296075,-18986.399742054764,18986.399742054764,5.082910461466219,4.82876493853776,143.98826914248113,-46605.51856592903,46605.51856592903,5.082910461489259,4.8287649383379145,143.98826914268082,-34392.671848777485,34392.671848777485
pentose phosphate,R14.2 net,Ru5P <-> X5P,RPE,pentose_phosphate,cytosol,38.5415,2154.5,31.2322,42.9235,11.691299999999998,2.2551,1.1287,0.1059,7.6108,7.5049,5.5314,0.1705,-6.2991,177.3372,183.6363,-0.14792263559000002,-32.327153795369995,269.51683280071,-0.14554299879562574,-32.32715379533844,269.5168328003846,-42980.97336840407,42980.97336840407,-0.14554299880504348,-32.32715379502902,269.51683280133193,-73868.52051680774,73868.52051680774,-0.1455429987827803,-32.327153795174965,269.5168328014389,-63273.18330191756,63273.18330191756
pentose phosphate,R15.2 net,X5P <-> GAP + TKC2,TKT1 or TKT2,pentose_phosphate,cytosol,38.5415,2154.5,31.2322,42.9235,11.691299999999998,2.2551,1.1287,0.1059,7.6108,7.5049,5.5314,0.1705,-6.2991,177.3372,183.6363,-0.14792263560000007,-32.32715379616,269.51683280173,-0.14554299879562582,-32.327153795212276,269.5168328004687,-43596.218846002776,43596.218846002776,-0.14554299880504362,-32.32715379502902,269.51683280007654,-70938.65554376417,70938.65554376417,-0.1455429987827801,-32.327153795174965,269.5168328003024,-59538.017731217,59538.017731217
pentose phosphate,R16.2 net,E4P + TKC2 <-> F6P,TKT2,pentose_phosphate,cytosol,18.2099,1017.9,14.4968,21.0188,6.5219999999999985,0.4842,0.5628,-0.5867,4.0518,4.6385000000000005,-7.2058e-07,3.5789e-09,-6.0327,86.3696,92.40230000000001,-1.2916269031,-17.30175000489,133.62024329315,-1.270848454353152,-17.30175000487679,133.62024329313192,-21798.109423001388,21798.109423001388,-1.2708484543833787,-17.301750004664243,133.62024329274368,-35469.32777188208,35469.32777188208,-1.270848454346426,-17.30175000472624,133.62024329277844,-29769.0088656085,29769.0088656085
pentose phosphate,R17.2 net,R5P + TKC2 <-> S7P,TKT1,pentose_phosphate,cytosol,20.3316,1136.6,16.7898,23.1501,6.360299999999999,1.771,0.566,0.6921,4.4382,3.7461,5.5314,0.1705,-0.2663,90.9676,91.2339,1.1437042675,-15.02540379127,135.89658950858,1.1253054555575261,-15.025403790335487,135.89658950733678,-21798.109423001388,21798.109423001388,1.125305455578335,-15.025403790364779,135.89658950733286,-35469.32777188208,35469.32777188208,1.125305455563646,-15.025403790448724,135.8965895075239,-29769.0088656085,29769.0088656085
pentose phosphate,R18.2 net,GAP + TAC3 <-> F6P,TALA,pentose_phosphate,cytosol,20.3316,1136.6,16.7898,23.1501,6.360299999999999,1.771,0.566,0.6921,4.4382,3.7461,5.5314,0.1705,-0.2663,90.9676,91.2339,1.1437042675,-405.31567016259,135.89658950864,1.1253054555575261,-405.3156701403987,135.89658950746295,-42928.826793405955,42928.826793405955,1.125305455578335,-405.3156701437345,135.89658950762256,-44473.30305489402,44473.30305489402,1.125305455563646,-405.3156701415366,135.8965895074571,-56009.43282300909,56009.43282300909
pentose phosphate,R19.2 net,S7P <-> E4P + TAC3,TALA,pentose_phosphate,cytosol,20.3316,1136.6,16.7898,23.1501,6.360299999999999,1.771,0.566,0.6921,4.4382,3.7461,5.5314,0.1705,-0.2663,90.9676,91.2339,1.1437042675,-405.31567016259,135.89658950864,1.1253054555575261,-405.3156701403987,135.89658950746295,-42928.826793405955,42928.826793405955,1.125305455578335,-405.3156701437345,135.89658950762256,-44473.30305489402,44473.30305489402,1.125305455563646,-405.3156701415366,135.8965895074571,-56009.43282300909,56009.43282300909
TCA cycle,R19,PYRmit -> ACCOAmit + CO2 + NADH,PDHm,tca_cycle,mitochondria,92.7917,5187.0,86.6629,100.6986,14.035700000000006,43.5922,0.9147,41.5129,45.4798,3.9668999999999954,8.0466e-07,6.512e-11,0.0,96.285,96.285,0.0,0.0,108.36925608659,0.0,0.0,108.36925608777895,0.0,22402.841478221435,0.0,0.0,108.36925608601219,0.0,53050.44896477305,0.0,0.0,108.3692560859243,0.0,35046.50967375424
TCA cycle,R20,ACCOAmit + OAAmit -> CITmit,CSm,tca_cycle,mitochondria,40.2874,2252.0,28.17,51.2108,23.040799999999997,13.9561,1.2065,12.5923,16.525,3.9326999999999988,364.4949,17.5154,347.2815,430.2887,83.00720000000001,337.71245308255,33.90873337054,998.5096549067499,745.5286987129907,33.90873338119005,998.5096548950696,0.0,155040.17820729187,745.5286987129371,33.9087333778411,998.5096548984594,0.0,366021.63829850906,745.5286987130925,33.9087333693259,998.5096549076558,0.0,245064.83484128898
TCA cycle,R21 net,CITmit <-> ICTmit,ACONTm,tca_cycle,mitochondria,27.9685,1563.6,12.6008,40.3555,27.7547,8.1747,1.3111,7.1646,10.9497,3.7851,51.3892,26.1536,21.0202,110.633,89.6128,2.8882464357999997,-9326.73772849861,10000.0,2.8417831108505105,-4594.365579470813,4883.796798139063,-34333.473193515434,34333.473193515434,2.8417831107865097,-11471.280822275723,11760.712040945098,-106191.67159713546,106191.67159713546,2.8417831108092173,-7870.79009555356,8160.2213142236105,-59402.302927055156,59402.302927055156
TCA cycle,R23,ICTmit -> AKG + CO2 + NADH,ICDHxm,tca_cycle,mitochondria,27.9685,89320.0,0.0,40.3559,40.3559,4.1618,353380.0,0.0,10.9497,10.9497,2.0587e-06,319520.0,0.0,85.2036,85.2036,0.0,0.0,289.43121866959,0.0,0.0,289.4312186679976,0.0,23296.06184351169,0.0,0.0,289.43121866860446,0.0,51137.44220419318,0.0,0.0,289.4312186699177,0.0,37613.05712782968
TCA cycle,R24,ICTmit -> AKG + CO2 + NADPH,ICDHym,tca_cycle,mitochondria,1.0002e-07,89302.0,0.0,30.8352,30.8352,4.0129,353380.0,0.0,9.1309,9.1309,51.3892,319520.0,0.0,110.6141,110.6141,2.8882464357999997,0.0,161.20619752568,2.8417831108505105,0.0,161.2061975205166,0.0,18006.128239469275,2.8417831107865097,0.0,161.20619752187724,0.0,56081.710055868556,2.8417831108092173,0.0,161.20619751965046,0.0,32171.09404468978
TCA cycle,R25,AKG -> 0.5*SUCmit + 0.5*SUCmit + CO2 + ATP + NADH,AKGDam and AKGDbm,tca_cycle,mitochondria,15.9608,892.6194,0.0,29.3331,29.3331,0.8923,1.3838,0.0,3.8277,3.8277,25.0982,26.9639,0.0,86.2498,86.2498,0.0,0.0,269.6550986518,0.0,0.0,269.65509864963997,-12047.120435249464,12047.120435249464,0.0,0.0,269.6550986500905,-29990.074687818404,29990.074687818404,0.0,0.0,269.6550986492095,-18788.143553498823,18788.143553498823
TCA cycle,R26 net,SUCmit <-> FUMmit + UQH2,SUCD2_u6m and SUCD1m,tca_cycle,mitochondria,28.2797,1580.9,15.0997,40.2079,25.108200000000004,6.6737,1.277,5.4743,9.4004,3.926099999999999,338.2039,18.3233,319.8737,410.6453,90.77160000000003,0.0,0.0,816.05805066548,0.0,0.0,816.0580506581152,0.0,3585.9181049105377,0.0,0.0,816.0580506591868,0.0,8320.275744147455,0.0,0.0,816.0580506583574,0.0,6182.711866446897
TCA cycle,R27 net,0.5*FUMmit + 0.5*FUMmit <-> 0.5*MALmit + 0.5*MALmit,FUMm,tca_cycle,mitochondria,30.0635,1680.6,17.1305,41.8427,24.7122,7.7555,1.2664,6.5658,10.4589,3.8930999999999996,341.8693,18.2107,323.6948,413.3904,89.69560000000001,675.2669723049,0.0,816.0580506585301,678.8822606566416,0.0,816.058050657863,-24177.927712632994,24177.927712632994,678.8822606566404,0.0,816.0580506569657,-59351.493443714804,59351.493443714804,678.8822606566819,0.0,816.0580506578226,-37902.53747365272,37902.53747365272
TCA cycle,R28 net,MALmit <-> OAAmit + NADH,MDHm,tca_cycle,mitochondria,40.2874,2252.0,28.17,51.2108,23.040799999999997,13.9561,1.2065,12.5923,16.525,3.9326999999999988,364.4949,17.5154,347.2815,430.2887,83.00720000000001,326.24528276169,-960.9170300626699,1174.7200915251701,734.433793418507,-960.9170300392815,1174.7200915170763,-97340.41350877535,97340.41350877535,734.4337934184773,-960.9170300431136,1174.7200915199965,-220845.57350369106,220845.57350369106,734.4337934185941,-960.9170300364301,1174.720091515105,-132462.3286827915,132462.3286827915
pyruvate metabolism,R29 net,MALmit <-> PYRmit + CO2 + NADH,ME1m,anaplerotic,mitochondria,-10.2239,571.4598,-11.2237,-4.712,6.511699999999999,-6.2006,0.0677,-6.2882,-5.9066,0.3815999999999997,27.324,0.8421,-23.5867,120.2857,143.8724,0.0,0.0,541.84628046082,0.0,0.0,541.8462804295588,0.0,2762.506864214533,0.0,0.0,541.8462804339237,0.0,4433.424552156565,0.0,0.0,541.8462804264793,0.0,3708.423737368181
pyruvate metabolism,R31,PYRcyt + CO2 + ATP -> OAAcyt,PC,anaplerotic,cytosol,1.3284,74.2421,0.0,5.7862,5.7862,3.0122,0.2388,2.5256,3.5355,1.0099,15.3217,14.3567,0.0,62.3378,62.3378,185.15812506654,165.05163692076,717.6164800416301,181.99168736359155,165.05163692096463,717.6164800101885,0.0,15085.07896578467,181.99168736359968,165.05163692068396,717.6164800227463,0.0,32831.097347902185,181.99168736365647,165.05163692113936,717.6164800076995,0.0,22874.29568668691
pyruvate metabolism,R35,AA -> AC + NADH,ALDD2y,acetate_metabolism ,cytosol,1.5738e-05,60003.0,0.0,1.1631,1.1631,2.102e-06,244160.0,0.0,0.2015,0.2015,0.9578,3.2896,0.0,24.7619,24.7619,0.0,0.0,90.30771341088,0.0,0.0,9.672348588359608,0.0,9.672348588359608,0.0,0.0,9.656773147803454,0.0,9.656773147803454,0.0,0.0,20.056374999287076,0.0,20.056374999287076
pyruvate metabolism,R36,AA -> AC + NADPH,,acetate_metabolism ,cytosol,0.9542,60003.0,0.0,2.1173,2.1173,1.0956,244160.0,0.0,1.3082,1.3082,1.0016e-07,9.5465e-09,0.0,23.8039,23.8039,,,,,,,,,,,,,,,,,,
pyruvate metabolism,R37 net,AC + ATP <-> ACCOAcyt,ACS or reverse_ACOAH,acetate_metabolism ,cytosol,2.3437,131.0054,1.3221,3.5411,2.2190000000000003,1.9382,0.0915,1.6632,2.1408,0.4776,5.8895,3.2047,3.8578,29.7333,25.8755,0.9250498031800001,0.0,92.80724451993001,0.9101684935199472,0.0,44.21607522321978,0.0,17358.501420944325,0.9101684934674443,0.0,44.17944674064773,0.0,45318.270705326824,0.910168493527006,0.0,67.7443722747631,0.0,26045.87711990751
glyoxylate shunt,R41.2 net,CITcyt <-> ICTcyt,,,,12.3189,688.7175,9.9873,20.8181,10.830800000000002,5.7814,0.2544,5.3203,6.3999,1.0796000000000001,313.1057,8.7937,291.4722,404.456,112.98380000000003,,,,,,,,,,,,,,,,,,
glyoxylate shunt,R43.2,ICTcyt -> GLYOXYcyt + SUCcyt,ICL,glyoxylate_shunt,cytosol,12.3189,688.7175,9.9873,20.8181,10.830800000000002,5.7814,0.2544,5.3203,6.3999,1.0796000000000001,313.1057,8.7937,291.4722,404.456,112.98380000000003,449.63725112742,419.62199473993,729.8965180873599,442.40392039180017,419.62199474041216,729.8965180810072,0.0,150208.62981895867,442.40392039180256,419.62199474064465,729.8965180814176,0.0,404651.62792166724,442.4039203918535,419.62199473968195,729.8965180837547,0.0,239360.8017914917
glyoxylate shunt,R45,ACCOAcyt + GLYOXYcyt -> MALcyt,MALSp,glyoxylate_shunt,cytosol,12.3189,688.7175,9.9873,20.8181,10.830800000000002,5.7814,0.2544,5.3203,6.3999,1.0796000000000001,313.1057,8.7937,291.4722,404.456,112.98380000000003,0.0,0.0,0.0,0.0,0.0,0.0,0.0,60518.623506680626,0.0,0.0,0.0,0.0,158904.13350173537,0.0,0.0,0.0,0.0,95912.25942992406
glyoxylate shunt,R46,MALcyt -> OAAcyt + NADH,MDH,tca_cycle,cytosol,12.3189,688.5462,9.9871,21.7042,11.7171,5.7814,0.2544,5.3203,6.3997,1.0794000000000006,263.1561,7.2763,239.1927,390.4334,151.2407,1099.7616699381701,262.74617162233,2369.51748007721,696.1686875939109,262.7461716282725,2369.517480054019,-41207.14874467795,41207.14874467795,696.1686875939027,262.74617162531644,2369.5174800513805,-106055.51109575143,106055.51109575143,696.168687593984,262.74617163051073,2369.517480051012,-71622.65221412077,71622.65221412077
compartment transport,R18,PYRcyt -> PYRmit,PYRt2m,transport,mitochondria,116.2532,6498.4,109.8734,123.6819,13.808499999999995,57.821,0.8105,55.5389,59.4518,3.9129000000000005,8.4924e-07,2.0929e-10,0.0,118.6184,118.6184,7.36984584282,-537.65725189302,141.02749426735,7.439079108273904,-537.6572518609576,141.0274942610791,-inf,inf,7.439079108254248,-537.6572518591212,141.02749426093757,-inf,inf,7.43907910827764,-537.6572518462685,141.02749425812095,-inf,inf
compartment transport,R42 net,ACCOAcyt <-> ACCOAmit,,,,-50.2511,2809.2,-61.8069,-45.1953,16.611599999999996,-28.2696,0.455,-29.0546,-27.2949,1.7597000000000023,369.16,17.372,316.6482,423.2757,106.6275,,,,,,,,,,,,,,,,,,
compartment transport,cit transp,CITmit -> CITcyt,CITtam or CITtbm or CITtcm,transport,mitochondria,12.3189,688.7175,9.9873,20.8181,10.830800000000002,5.7814,0.2544,5.3203,6.3999,1.0796000000000001,313.1057,8.7937,291.4722,404.456,112.98380000000003,-334.82420664675,-10599.89515217485,10081.69564428218,-742.6869156021402,-5614.200863877143,4676.061223734275,-13783.096738412438,13783.096738412438,-742.6869156021505,-12491.116106682679,11552.97646653972,-34413.84246682717,34413.84246682717,-742.6869156022165,-8890.625379957042,7952.485739815087,-23612.37028666068,23612.37028666068
compartment transport,R44,SUCcyt -> SUCmit,SUCCtm,transport,mitochondria,12.3189,688.7175,9.9873,20.8181,10.830800000000002,5.7814,0.2544,5.3203,6.3999,1.0796000000000001,313.1057,8.7937,291.4722,404.456,112.98380000000003,0.0,0.0,816.05805066548,0.0,0.0,816.0580506581152,0.0,1616.1232880463465,0.0,0.0,816.0580506591868,0.0,5279.357879904148,0.0,0.0,816.0580506583574,0.0,3227.7392832186006
compartment transport,R47,MALcyt -> MALmit,MALtm or reverse_CITtam or reverse_DICtm,transport,mitochondria,1.0001e-07,9.2808,0.0,6.1103,6.1103,1.9831e-06,3.5229e-11,0.0,0.3057,0.3057,49.9496,1.5394,0.0,141.0555,141.0555,-340.44276565815005,-3086.5333479327205,2144.93171004889,63.804654945498555,-2513.876982969606,2144.931710003705,-7826.612155563506,6210.48886751716,63.80465494551015,-3086.5333479000583,2144.9317100133544,-22029.996582084023,16750.638702179873,63.804654945534594,-3086.5333478872362,2144.931709992644,-14326.268661990762,11098.52937877216
amino acid biosynthesis,R48,G3P -> SER + NADH,,,,4.7146,263.5628,4.0957,5.4976,1.4019000000000004,2.6009,0.0577,2.4696,2.7419,0.2723,11.7836,1.8874,0.0,12.7834,12.7834,,,,,,,,,,,,,,,,,,
amino acid biosynthesis,R50 net,SER <-> GLY + MTHF,,,,1.9732,110.3147,1.4156,2.5653,1.1497000000000002,0.9383,0.0488,0.8274,1.0741,0.24670000000000003,5.719,1.7615,-6.0935,6.4612,12.5547,,,,,,,,,,,,,,,,,,
amino acid biosynthesis,R51 net,CO2 + MTHF + NADH <-> GLY,,,,0.3585,20.0475,-0.2078,0.8764,1.0842,-0.041,0.0461,-0.1422,0.0949,0.23709999999999998,0.9873,1.6712,-10.8917,1.5284,12.4201,,,,,,,,,,,,,,,,,,
amino acid biosynthesis,R52,AKG + NADPH -> GLU,,,,40.5824,2268.6,36.9632,45.1679,8.204700000000003,25.1292,0.2759,24.5244,25.5919,1.067499999999999,90.9605,2.8341,69.6159,115.4479,45.83200000000001,,,,,,,,,,,,,,,,,,
amino acid biosynthesis,R53,GLU + ATP -> GLN,,,,6.2057,346.9084,5.6858,6.8391,1.1532999999999998,3.7636,0.0411,3.6714,3.8168,0.14539999999999997,19.3601,0.5967,14.6939,20.1824,5.488500000000002,,,,,,,,,,,,,,,,,,
amino acid biosynthesis,R54,GLU + ATP + 2*NADPH -> PRO,,,,1.4083,78.7235,1.2904,1.552,0.26160000000000005,0.8541,0.0093,0.8331,0.8661,0.03300000000000003,3.9986,0.1232,3.0349,4.1685,1.1336,,,,,,,,,,,,,,,,,,
amino acid biosynthesis,R55,GLU + GLU + CO2 + GLN + ASP + 5*ATP + NADPH -> AKG + ARG + GLU + FUMmit,,,,1.2205,68.2271,1.1182,1.3451,0.22689999999999988,0.7402,0.0081,0.7221,0.7507,0.02860000000000007,2.6658,0.0822,2.0233,2.779,0.7557,,,,,,,,,,,,,,,,,,
amino acid biosynthesis,R56,OAAcyt + GLU -> ASP + AKG,,,,13.6473,762.8915,12.0301,15.6848,3.6547,8.7936,0.1228,8.4738,9.0526,0.5787999999999993,36.3458,2.8087,27.5115,60.4135,32.902,,,,,,,,,,,,,,,,,,
amino acid biosynthesis,R58,ASP + GLN -> ASN + GLU,,,,1.8401,102.8654,1.6861,2.0279,0.3417999999999999,1.116,0.0122,1.0886,1.1318,0.043199999999999905,6.5311,0.2013,4.957,6.8085,1.8515000000000006,,,,,,,,,,,,,,,,,,
amino acid biosynthesis,R60,PYRmit + GLU -> ALA + AKG,,,,3.5676,199.433,3.2687,3.9317,0.6630000000000003,2.1636,0.0236,2.1106,2.1942,0.08360000000000012,6.3312,0.1951,4.8052,6.6001,1.7949000000000002,,,,,,,,,,,,,,,,,,
amino acid biosynthesis,R61,ASP + 2*ATP + 2*NADPH -> THR,,,,4.4373,248.0402,3.3141,5.7098,2.3957000000000006,3.208,0.0937,2.9281,3.4246,0.4964999999999997,11.321,3.1171,8.5867,35.1903,26.6036,,,,,,,,,,,,,,,,,,
amino acid biosynthesis,R62 net,THR <-> GLY + AA + NADH,,,,0.9542,53.3343,0.0,2.1174,2.1174,1.0956,0.0913,0.8225,1.3102,0.4877,0.9578,3.2896,0.0,24.747,24.747,,,,,,,,,,,,,,,,,,
amino acid biosynthesis,R63,SER + ACCOAcyt + 3*ATP + 4*NADPH -> CYS + AC,,,,0.338,18.8936,0.3097,0.3725,0.06280000000000002,0.205,0.0022,0.2,0.2079,0.00789999999999999,1.1996,0.037,0.9105,1.2505,0.33999999999999997,,,,,,,,,,,,,,,,,,
amino acid biosynthesis,R64,ASP + MTHF + ACCOAcyt + 2*NADPH -> MET + AC,,,,1.0515,58.7802,0.9635,1.1588,0.19530000000000003,0.6377,0.007,0.6221,0.6467,0.024600000000000066,3.7321,0.115,2.8326,3.8906,1.0580000000000003,,,,,,,,,,,,,,,,,,
amino acid biosynthesis,R65,AKG + ACCOAcyt + GLU + GLU -> LYS + CO2 + AKG + AKG,,,,2.2532,125.9577,2.0645,2.4832,0.4187000000000003,1.3665,0.0149,1.333,1.3858,0.05279999999999996,1.9993,0.0616,1.5174,2.0842,0.5668,,,,,,,,,,,,,,,,,,
amino acid biosynthesis,R67,PYRmit + PYRmit + GLU + NADPH -> VAL + CO2 + AKG,,,,1.8777,104.9647,1.7205,2.0693,0.3488000000000002,1.1388,0.0124,1.1109,1.1549,0.04400000000000004,4.3319,0.1335,3.2878,4.5159,1.2281000000000004,,,,,,,,,,,,,,,,,,
amino acid biosynthesis,R69,PEP + PEP + E4P + GLU + ATP + NADPH -> PHE + CO2 + AKG,,,,1.2205,68.2271,1.1183,1.3451,0.2267999999999999,0.7402,0.0081,0.7221,0.7507,0.02860000000000007,2.6658,0.0822,2.0233,2.779,0.7557,,,,,,,,,,,,,,,,,,
amino acid biosynthesis,R70,PEP + PEP + E4P + GLU + ATP + NADPH -> TYR + CO2 + AKG,,,,0.5633,31.4894,0.5161,0.6208,0.10470000000000002,0.3416,0.0037,0.3333,0.3465,0.01319999999999999,1.6661,0.0513,1.2645,1.7369,0.47240000000000015,,,,,,,,,,,,,,,,,,
amino acid biosynthesis,R71.2,SER + R5P + PEP + E4P + PEP + GLN + 3*ATP + NADPH -> TRP + CO2 + GAP + PYRcyt + GLU,,,,0.338,18.8936,0.3097,0.3725,0.06280000000000002,0.205,0.0022,0.2,0.2079,0.00789999999999999,1.1996,0.037,0.9105,1.2505,0.33999999999999997,,,,,,,,,,,,,,,,,,
amino acid biosynthesis,R72.2,R5P + MTHF + GLN + ASP + 5*ATP -> HIS + AKG + FUMmit + 2*NADH,,,,0.5633,31.4894,0.5161,0.6208,0.10470000000000002,0.3416,0.0037,0.3333,0.3465,0.01319999999999999,0.9997,0.0308,0.7587,1.0421,0.2834,,,,,,,,,,,,,,,,,,
amino acid biosynthesis,R76,PYRmit + THR + GLU + NADPH -> ILE + CO2 + AKG,,,,1.4083,78.7235,1.2904,1.552,0.26160000000000005,0.8541,0.0093,0.8331,0.8661,0.03300000000000003,2.999,0.0924,2.2762,3.1264,0.8502000000000001,,,,,,,,,,,,,,,,,,
amino acid biosynthesis,R77,ACCOAmit + PYRmit + PYRmit + GLU + NADPH -> LEU + CO2 + CO2 + AKG,,,,2.2532,125.9577,2.0646,2.4832,0.4186000000000001,1.3665,0.0149,1.333,1.3859,0.05289999999999995,4.6651,0.1438,3.5407,4.8632,1.3224999999999998,,,,,,,,,,,,,,,,,,
biomass formation,R80 steph AC,0.294*ALA + 0.174*ARG + 0.196*ASN + 0.196*ASP + 0.036*CYS + 0.239*GLN + 0.239*GLU + 0.214*GLY + 0.112*HIS + 0.159*ILE + 0.319*LEU + 0.254*LYS + 0.112*MET + 0.174*PHE + 0.17*PRO + 0.203*SER + 0.221*THR + 0.036*TRP + 0.112*TYR + 0.221*VAL -> Biomass,biomass_C or biomass_glucose or biomass_oil,biomass_formation,cytosol,9.3883,524.8236,8.6023,10.3466,1.7443000000000008,5.6938,0.0621,5.5543,5.7743,0.22000000000000064,33.322,1.027,25.2907,34.7374,9.4467,25.52299955003,23.856789625719998,29.172453970129997,25.112410132343438,23.856789625745193,27.82500933484151,0.0,inf,25.112410132341935,23.856789625758633,27.82500933486628,0.0,inf,25.11241013234567,23.856789625725042,27.825009334877844,0.0,inf
energy metabolism,R81,ATP -> ATP_maintenance,ATPM,energy_metabolism,cytosol,653.3256,36521.0,457.2097,813.9649,356.75519999999995,228.6539,12.8736,212.3513,256.9249,44.57359999999997,1670.3,233.2869,1332.1,3378.0,2045.9,0.0,0.0,406.38471034905996,0.0,0.0,406.38471031940406,0.0,inf,0.0,0.0,406.38471032491157,0.0,inf,0.0,0.0,406.3847103371247,0.0,inf
energy metabolism,R82,NADH -> NADPH,,,,15.0638,60357.0,0.0,50.0149,50.0149,69.5149,238820.0,53.1875,77.1937,24.006200000000007,501.3302,319520.0,0.0,649.487,649.487,,,,,,,,,,,,,,,,,,
energy metabolism,R83,NADH -> 2*ATP,,,,294.9322,16486.0,218.063,356.4339,138.3709,61.8327,4.6985,55.0685,73.8344,18.765900000000002,677.9611,83.8913,556.3029,1432.6,876.2970999999999,,,,,,,,,,,,,,,,,,
co2_formation,R79,CO2 -> CO2_EX,reverse_CO2t,transport,extracellular,196.6863,10995.0,155.5292,230.4545,74.9253,55.3994,2.6695,51.9415,61.3921,9.450600000000001,368.5212,44.1172,307.7156,708.4366,400.721,707.34760771178,643.07026824861,778.68023978107,724.9251463000792,643.0702682490154,778.6802397805486,-inf,inf,724.9251463000494,643.0702682480306,778.6802397824272,-inf,inf,724.92514630012,643.0702682488319,778.6802397807602,-inf,inf
