Unnamed: 0,ID,Equation,reaction_ids,pathway,compartment,glucose_flux,glucose_std_err,glucose_LB,glucose_UB,glucose_ΔB,glycerol_flux,glycerol_std_err,glycerol_LB,glycerol_UB,glycerol_ΔB,oleic_acid_flux,oleic_acid_std_err,oleic_acid_LB,oleic_acid_UB,oleic_acid_ΔB,glucose_pfba_flux,glucose_pfba_95_LB,glucose_pfba_95_UB,glucose_pfba_90_LB,glucose_pfba_90_UB,glucose_1_trans_LB,glucose_1_trans_UB,glucose_1_eflux2_flux,glucose_1_eflux2_95_LB,glucose_1_eflux2_95_UB,glucose_1_eflux2_90_LB,glucose_1_eflux2_90_UB,glucose_2_trans_LB,glucose_2_trans_UB,glucose_2_eflux2_flux,glucose_2_eflux2_95_LB,glucose_2_eflux2_95_UB,glucose_2_eflux2_90_LB,glucose_2_eflux2_90_UB,glucose_3_trans_LB,glucose_3_trans_UB,glucose_3_eflux2_flux,glucose_3_eflux2_95_LB,glucose_3_eflux2_95_UB,glucose_3_eflux2_90_LB,glucose_3_eflux2_90_UB,glycerol_pfba_flux,glycerol_pfba_95_LB,glycerol_pfba_95_UB,glycerol_pfba_90_LB,glycerol_pfba_90_UB,glycerol_1_trans_LB,glycerol_1_trans_UB,glycerol_1_eflux2_flux,glycerol_1_eflux2_95_LB,glycerol_1_eflux2_95_UB,glycerol_1_eflux2_90_LB,glycerol_1_eflux2_90_UB,glycerol_2_trans_LB,glycerol_2_trans_UB,glycerol_2_eflux2_flux,glycerol_2_eflux2_95_LB,glycerol_2_eflux2_95_UB,glycerol_2_eflux2_90_LB,glycerol_2_eflux2_90_UB,glycerol_3_trans_LB,glycerol_3_trans_UB,glycerol_3_eflux2_flux,glycerol_3_eflux2_95_LB,glycerol_3_eflux2_95_UB,glycerol_3_eflux2_90_LB,glycerol_3_eflux2_90_UB,oleic_acid_pfba_flux,oleic_acid_pfba_95_LB,oleic_acid_pfba_95_UB,oleic_acid_pfba_90_LB,oleic_acid_pfba_90_UB,oleic_acid_1_trans_LB,oleic_acid_1_trans_UB,oleic_acid_1_eflux2_flux,oleic_acid_1_eflux2_95_LB,oleic_acid_1_eflux2_95_UB,oleic_acid_1_eflux2_90_LB,oleic_acid_1_eflux2_90_UB,oleic_acid_2_trans_LB,oleic_acid_2_trans_UB,oleic_acid_2_eflux2_flux,oleic_acid_2_eflux2_95_LB,oleic_acid_2_eflux2_95_UB,oleic_acid_2_eflux2_90_LB,oleic_acid_2_eflux2_90_UB,oleic_acid_3_trans_LB,oleic_acid_3_trans_UB,oleic_acid_3_eflux2_flux,oleic_acid_3_eflux2_95_LB,oleic_acid_3_eflux2_95_UB,oleic_acid_3_eflux2_90_LB,oleic_acid_3_eflux2_90_UB
uptake,uptake,Glucose + ATP -> G6P,reverse_EX_glc_e,substrate_uptake,cytosol,100.0,23879.0,100.0,100.0,0.0,,,,,,,,,,,100.0,100.0,100.0,100.0,100.0,-11955.900480950331,11955.900480950331,100.0,100.0,100.0,100.0,100.0,-19679.867263947217,19679.867263947217,100.0,100.0,100.0,100.0,100.0,-19467.097791696302,19467.097791696302,100.0,100.0,100.0,100.0,100.0,0.0,0.0,0.0,0.0,0.0,-5321.579086554732,0.0,0.0,0.0,0.0,0.0,0.0,-5638.797843355944,0.0,0.0,0.0,0.0,0.0,0.0,-10593.013082125084,0.0,0.0,0.0,0.0,0.0,0.0,0.0,,,,,-44102.37181003059,0.0,0.0,0.0,0.0,0.0,0.0,-101272.11304526535,0.0,0.0,0.0,0.0,0.0,0.0,-70111.462877475,0.0,0.0,0.0,0.0,0.0,0.0
uptake,R3 glyc3p,GLYC + ATP -> Glyc3P,reverse_GLYCt,emp,cytosol,,,,,,100.0,4.9118e-10,100.0,100.0,0.0,,,,,,0.0,-6.745562130195,0.0,-13.491124260207,0.0,-25424.341931745694,25424.341931745694,-7.248395808708408,-14.961849111814248,0.0,-21.864304228397447,0.0,-39730.10962980192,39730.10962980192,-9.164436146871672,-16.751451376359682,0.0,-23.540622311004146,0.0,-54030.73524987516,54030.73524987516,-8.086445813543534,-15.744596821732097,0.0,-22.59756416680902,0.0,100.0,100.0,100.0,100.0,100.0,-11709.921916800226,11709.921916800226,99.99999999999999,99.99999999999999,99.99999999999999,99.99999999999999,99.99999999999999,-12691.298694019655,12691.298694019655,100.0,100.0,100.0,100.0,100.0,-28475.184396191264,28475.184396191264,100.0,100.0,100.0,100.0,100.0,0.0,,,,,-146404.43857916805,146404.43857916805,0.0,-23.34992707532554,0.0,-39.841213670763516,0.0,-447423.2335973736,447423.2335973736,0.0,-23.349927075525468,0.0,-39.8412136711823,0.0,-257292.2420092427,257292.2420092427,0.0,-23.349927074803315,0.0,-39.84121367067443,0.0
uptake,R3 dhap net,Glyc3P <-> DHAP + UQH2,,emp,cytosol,,,,,,100.0,4.9118e-10,100.0,100.0,0.0,,,,,,,,,,,,,,,,,,,,,,,,,,,,,,,,,,,,,,,,,,,,,,,,,,,,,,,,,,,,,,,,,,,,,,,,,,,,,,,,,,,
uptake,OA uptake,OA + ATP -> 9*ACCOAcyt + 7*NADH + 7*FADH2,OCDCEAt,substrate_uptake,cytosol,,,,,,,,,,,100.0,2.2011e-11,100.0,100.0,0.0,0.0,0.0,0.0,0.0,0.0,0.0,inf,0.0,0.0,0.0,0.0,0.0,0.0,inf,0.0,0.0,0.0,0.0,0.0,0.0,inf,0.0,0.0,0.0,0.0,0.0,0.0,0.0,0.0,0.0,0.0,0.0,inf,0.0,0.0,0.0,0.0,0.0,0.0,inf,0.0,0.0,0.0,0.0,0.0,0.0,inf,0.0,0.0,0.0,0.0,0.0,0.0,,,,,0.0,inf,100.00000000000001,100.00000000000001,100.00000000000001,100.00000000000001,100.00000000000001,0.0,inf,100.0,100.0,100.0,100.0,100.0,0.0,inf,100.0,100.0,100.0,100.0,100.0
glycolysis/gluconeogensis,R4 net,G6P <-> F6P,PGI,emp,cytosol,17.8093,4252.8,13.4786,21.3566,7.878,-12.29,5.8565,-23.5032,-2.2969,21.2063,-151.6655,10.9487,-165.8804,-1.3939,164.4865,35.574484607638,-57.432340672094,88.758671752101,-104.76028063038,89.350320607251,-8847.127237893626,8847.127237893626,-43.545796848689605,-96.27136735020375,-6.580398409120729,-118.14320809421781,18.74126947729204,-15394.576167222709,15394.576167222709,-44.923377958721815,-106.30201944305732,-6.238363395625356,-127.81533939125477,18.66823450865198,-14997.257467744912,14997.257467744912,-44.148332104820916,-121.57921284700636,-6.430796942338543,-143.29424146647406,18.709324974950334,-27.963947641371,-46.039862813934,-4.605589786349,-60.750812450143,-4.363190323909,-3868.78799592529,3868.78799592529,-2.283861220996001,-17.718587843145936,-2.1696681599477974,-22.003292708002483,-2.055475098899594,-5025.860517783152,5025.860517783152,-2.2958992789390704,-17.41154619170431,-2.1811043149909892,-22.48148439060056,-2.066309351042908,-8728.324989278606,8728.324989278606,-2.797662573269751,-26.523578015167296,-2.6577794446030856,-32.80009832218849,-2.51789631593642,0.0,,,,,-36761.0909985329,36761.0909985329,-30.089724987393637,-394.38889753689926,-28.585238738030576,-444.6842187192513,-27.080752488667503,-83927.23824400274,83927.23824400274,-30.089724987359016,-394.38889753943704,-28.585238737986,-444.6842187182086,-27.080752488612983,-56267.95453231756,56267.95453231756,-30.089724987406516,-394.3888975352784,-28.58523873805722,-444.6842187184163,-27.08075248870793
glycolysis/gluconeogensis,R5 net,F6P + ATP <-> FBP,PFK or reverse_FBP,emp,cytosol,68.0875,16259.0,66.6504,69.2727,2.6222999999999956,-6.6656,1.91,-10.3212,-3.4075,6.913699999999999,-62.8209,3.6611,-68.0848,-14.682,53.4028,38.629378956131,-85.500000000251,145.421145918518,-170.999999998224,235.135822446943,-4497.331524914277,2593.5934913325555,0.0,-162.71010908766968,186.7577145029381,-237.20884613150145,261.2052558913163,-7852.660635660218,4644.055076946263,0.0,-182.17203371800994,204.18626449559216,-256.0057890520446,277.96966336721863,-7805.916872514383,4141.041042249637,0.0,-171.22249043478166,194.3807254138733,-245.74851031682456,268.85591669197976,-18.670033218953,-55.369980972126,25.657705102754,-85.306609442508,57.455743011384,-2888.020970273253,1210.8188895637982,-32.31696390752869,-61.30356811845062,-2.973798719770013,-76.9915382183246,16.53294613393636,-3631.780526970263,1568.149680237288,-32.93186845705931,-59.73245638642347,-0.7370174565551473,-75.50311657802125,22.558862792071903,-6010.369692666952,2530.1411746655763,-15.261193320062473,-59.397014148497504,23.185591701487695,-77.45514492021195,44.6793015294081,0.0,,,,,-17274.89903798898,11835.75352265791,-68.05403323220936,-493.70624158245,364.40357843462795,-795.3532814929667,672.8560216811024,-52957.21335363015,24506.838635823762,-68.0540332321311,-493.70624158639885,364.40357843293384,-795.3532815056252,672.856021678452,-28545.882110563947,15695.152079751555,-68.05403323224763,-493.7062415893217,364.4035784496988,-795.3532815051667,672.8560216808811
glycolysis/gluconeogensis,R6 net,FBP <-> DHAP + GAP,FBA,emp,cytosol,68.0875,16259.0,66.6504,69.2727,2.6222999999999956,-6.6656,1.91,-10.3212,-3.4075,6.913699999999999,-62.8209,3.6611,-68.0848,-14.682,53.4028,38.629378956131,-85.500000000321,74.575449709939,-170.999999998126,75.913583935733,-14713.409367876717,14713.409367876717,0.0,-162.7101090900728,39.00945452393825,-237.20884613979885,45.860713983944045,-26153.166003077375,26153.166003077375,0.0,-182.17203371899393,38.76568215549662,-256.0057890522217,45.50449662696545,-25963.07365380744,25963.07365380744,0.0,-171.22249043310748,38.902831802809416,-245.74851031472215,45.70497054303488,-18.670033218953,-55.369980972141,-10.416478067022,-85.306609441751,-9.868242379284,-6405.95725702199,6405.95725702199,-32.31696390752869,-61.30356811826969,-27.711710201273096,-76.99153821827672,-24.995075271023182,-8220.746987850198,8220.746987850198,-32.93186845705931,-59.73245638579192,-23.79344060594454,-75.50311657615481,-17.37616966604157,-14076.207643789454,14076.207643789454,-15.261193320062473,-59.397014148677584,-9.648838601893948,-77.45514492027552,-8.650381227502175,0.0,,,,,-52237.49531410883,52237.49531410883,-68.05403323220936,-493.7062415758787,-64.65133157066947,-795.3532815000673,-61.248629908953156,-106578.77176883725,106578.77176883725,-68.0540332321311,-493.7062415736386,-64.65133157075748,-795.3532814997515,-61.24862990897876,-77337.15024162758,77337.15024162758,-68.05403323224763,-493.706241592056,-64.6513315704775,-795.3532815007497,-61.24862990898781
glycolysis/gluconeogensis,R7 net,DHAP <-> GAP,TPI,emp,cytosol,68.0875,16259.0,66.6504,69.2727,2.6222999999999956,93.3344,1.91,89.6788,96.5929,6.914100000000005,-62.8209,3.6611,-68.0848,-14.682,53.4028,54.583426311608,24.778221312896,73.508558787645,10.199311421334,74.902845167231,-23.07488792823414,23.07488792823414,23.07488792823414,10.757855338691112,23.07488792823414,4.513184304111372,23.07488792823414,-21.05745797242352,21.05745797242352,21.05745797242352,6.667140164717803,21.05745797242352,0.524831087498534,21.05745797242352,-22.192491482533782,22.192491482533782,22.192491482533782,0.5238465081797766,22.192491482533782,-9.907504262611411,22.192491482533782,80.869854274157,75.334990708909,89.146415051431,70.920518082863,89.717656364519,-495.1197182130523,495.1197182130523,67.46627960687327,52.54714663190446,72.08237113747475,50.062209090069445,74.80984389186834,-525.4795710223403,525.4795710223403,66.85023255047511,52.79600703277916,75.99955535135892,50.2979715746321,82.42772124084485,-1535.0335257307459,1535.0335257307459,84.47328638400296,56.17574453186229,90.09891711697561,53.135874524688575,91.11065050609739,0.0,,,,,-2005.775869920191,2005.775869920191,-70.9097860165201,-197.0623846368893,-67.36429671566101,-227.15120649741252,-63.81880741497835,-3981.006763809381,3981.006763809381,-70.90978601645355,-197.06238463721897,-67.36429671565618,-227.15120649871045,-63.818807414656284,-2766.598325145164,2766.598325145164,-70.90978601650708,-197.0623846374144,-67.36429671563265,-227.15120649852494,-63.81880741475822
glycolysis/gluconeogensis,R8 net,GAP <-> G3P + ATP + NADH,GAPD,emp,cytosol,158.5742,37867.0,157.1426,159.7746,2.632000000000005,87.9222,1.8212,84.4387,91.0275,6.588800000000006,-88.6622,3.7168,-95.291,-44.5043,50.786699999999996,125.955289226664,97.581491082191,146.311828556953,84.326579559518,149.137521790787,-71661.63497973453,71661.63497973453,96.97372904022046,76.06707392317999,98.27878698459484,64.80796188875894,99.58384492913662,-127132.92651846222,127132.92651846222,95.38414639518611,72.49342603015496,96.66781197412473,61.96014498565296,97.95147755290593,-118065.80672588098,118065.80672588098,96.27846719379015,74.36325502726888,97.57416840819131,63.469385146086715,98.86986962257302,69.140861680665,63.986121645639,78.003872087613,60.061750870753,79.161563030368,-27370.53093166782,27370.53093166782,61.83551884541479,47.197923908813465,66.12708438975079,44.994524404616854,68.24596915384372,-30965.571132746034,30965.571132746034,61.18979247940192,47.41858896533266,70.62213728368123,45.203575510981445,77.05295972936997,-55795.73036643089,55795.73036643089,76.98017322911666,49.62310461125496,82.98045962003172,46.92811038940424,84.36684866685226,0.0,,,,,-131631.026070244,131631.026070244,-143.70742301742587,-266.2201397871059,-136.52205186680374,-292.66907979888043,-129.3366807156083,-286560.5837940133,286560.5837940133,-143.7074230173501,-266.22013978707315,-136.52205186702946,-292.6690797989401,-129.3366807156961,-205341.05024629127,205341.05024629127,-143.70742301742555,-266.22013978834303,-136.52205186621075,-292.66907979883274,-129.33668071569704
glycolysis/gluconeogensis,R9 net,G3P <-> PEP,ENO,emp,cytosol,150.5627,35954.0,149.8699,151.3211,1.4512,82.4971,1.755,79.059,85.5244,6.4654000000000025,-118.076,3.8298,,-78.6386,,116.254215322452,42.39782019871,146.311828556948,-14.600053355737,149.137521790785,-19616.04591909521,19616.04591909521,88.52676784214812,-35.17292343401201,98.27878698454704,-70.98079976805417,99.58384492905293,-32183.47093009608,32183.47093009608,87.07564685117381,-45.66089813526544,96.66781197414441,-81.78284894608505,97.95147755284688,-31380.182956302768,31380.182956302768,87.89206724151157,-39.76022103639715,97.57416840821078,-76.22085089524057,98.86986962257302,39.780984775493,17.791935535451,55.56971331563,-2.445014575563,66.306152568246,-7563.773218883703,7563.773218883703,21.139390747387584,-12.780254773110666,32.23244567014709,-18.368141672200252,36.80745825168244,-9092.787074325193,9092.787074325193,19.390029595059296,-12.151718807041135,45.896031399307674,-17.8536919422177,63.397466128551244,-15569.398767845807,15569.398767845807,57.24489400217941,-7.168822242150398,75.40634333180743,-13.796463865476056,81.583480123384,0.0,,,,,-52492.40702317081,52492.40702317081,-143.70742301742587,-304.3287612919756,-136.52205186680374,-401.0307563137639,-129.3366807156083,-108432.0514375656,108432.0514375656,-143.7074230173501,-304.3287612925101,-136.5220518668269,-401.0307563142573,-129.3366807156961,-79418.75957445981,79418.75957445981,-143.70742301742555,-304.3287612951266,-136.52205186649118,-401.0307563144829,-129.33668071569704
glycolysis/gluconeogensis,R10 net,PEP <-> PYRcyt + ATP,PYK,emp,cytosol,136.4461,32583.0,135.5554,137.8096,2.2541999999999973,74.4661,1.6239,71.2799,77.2686,5.988700000000009,133.2313,20.4839,-2.4959,186.4745,188.9704,113.381707978565,39.668938221987,205.316249040206,0.0,297.141709614661,0.0,9815.555176850603,85.90781396584958,0.0,250.3817972990065,0.0,330.92812943063285,0.0,15602.39556552999,84.4996225772632,0.0,268.4066173097731,0.0,347.6326428650352,0.0,15374.724493925904,85.29189018988475,0.0,258.265608619252,0.0,338.2344565922119,38.604114018544,16.673908316343,74.313825243044,0.0,107.138093852464,0.0,3627.720463304361,20.58497337020465,0.0,43.126268114576035,0.0,64.50231391828683,0.0,4209.64452995738,18.83268992625617,0.0,45.366558715171415,0.0,68.31816230404374,0.0,7563.0935502448465,56.56574908223007,0.0,85.12044317776926,0.0,110.04903245732096,0.0,,,,,0.0,14043.959279186141,0.0,0.0,429.0549100116482,0.0,734.1046515838813,0.0,34734.30933226511,0.0,0.0,429.0549100183757,0.0,734.1046516056597,0.0,22544.34088825209,0.0,0.0,429.0549100177925,0.0,734.104651596249
glycolysis/gluconeogensis,R32,OAAcyt + ATP -> PEP + CO2,PPCK,anaplerotic,cytosol,1.4085e-06,2.0541e-10,0.0,1.058,1.058,1.3956e-06,6.6981e-11,0.0,0.6221,0.6221,289.6524,22.1777,118.4212,307.635,189.2138,0.0,0.0,85.500000000277,0.0,170.999999998005,0.0,11065.66413113877,0.0,0.0,162.71010909217705,0.0,237.20884614038468,0.0,16631.062227416514,0.0,0.0,182.17203371684883,0.0,256.00578905068664,0.0,26207.580402071144,0.0,0.0,171.222490418001,0.0,245.74851031678563,0.0,0.0,36.074183169814,0.0,67.323985390673,0.0,3515.86087090498,0.0,0.0,24.737911482966524,0.0,41.528021404549776,0.0,4307.195732647438,0.0,0.0,23.056423149135647,0.0,39.93503245854202,0.0,7199.329481004671,0.0,0.0,32.83443030244946,0.0,53.32968275888057,0.0,,,,,0.0,74078.75392930838,151.01183637416213,143.46124455546723,572.5161545679533,135.91065273681647,870.0153043253285,0.0,294954.01652320486,151.01183637413115,143.46124455576387,572.5161545641137,135.91065273780166,870.0153043052818,0.0,144897.95809962004,151.01183637420493,143.4612445554421,572.516154570991,135.91065273702984,870.0153043222012
pentose phosphate,R11,G6P -> PG6 + NADPH,G6PDH2,pentose_phosphate,cytosol,82.1907,19627.0,78.6431,86.5215,7.878399999999999,12.29,5.8565,2.2969,23.5032,21.2063,151.6655,10.9487,1.3939,165.8804,164.4865,52.59253828931,0.0,146.191012424241,0.0,194.110601238742,0.0,4328.872887137686,132.75730528290768,96.33133142048314,186.02230036248676,71.5490881134026,208.43356568519943,0.0,7939.252051621586,134.3117301539246,96.15729798327116,196.2209540267475,71.7812824662217,218.2648563664433,0.0,7428.839188289226,133.43718959679015,96.2552115596733,211.40362746457473,71.65064676747741,233.65421320919384,23.115958392582,0.0,41.434273027552,0.0,56.387622125314,0.0,2686.4927702654254,0.0,0.0,15.548919683379072,0.0,19.94781760916143,0.0,2563.397499589612,0.0,0.0,15.230441877012177,0.0,20.41517503933774,0.0,4757.639965574839,0.0,0.0,23.865798569801512,0.0,30.28220200628385,0.0,,,,,0.0,31236.386881890365,0.0,0.0,365.8036587991774,0.0,417.6034662301427,0.0,70357.78781706764,0.0,0.0,365.8036588000332,0.0,417.60346623141857,0.0,49485.37161355063,0.0,0.0,365.803658797782,0.0,417.6034662273246
pentose phosphate,R12.2,PG6 -> Ru5P + CO2 + NADPH,GND,pentose_phosphate,cytosol,82.1907,19627.0,78.6431,86.5215,7.878399999999999,12.29,5.8565,2.2969,23.5032,21.2063,151.6655,10.9487,1.3939,165.8804,164.4865,53.430653825767,0.796209759633,146.987222183796,0.754303982811,194.864905220425,0.0,13418.107109770557,133.5214411649823,97.05726050914687,186.74822945129398,72.23681040796201,209.12128797827626,0.0,25256.15765318666,135.0633404051041,96.87132772013722,196.93498376627034,72.45773169292674,218.94130559255797,0.0,22545.81930745307,134.19584693813124,96.97593603319687,212.12435194633287,72.33343837534431,234.33700481700234,23.459335640303,0.326208385334,41.760481412856,0.309039522948,56.696661648793,0.0,8359.242860741904,0.1617631434380459,0.15367498623820533,15.70259466942038,0.1455868290969021,20.093404438620198,0.0,8681.662323566112,0.162615784605337,0.15448499537817148,15.384926872317047,0.14635420614536718,20.561529245567687,0.0,16047.567378372934,0.1981550752564709,0.1882473215317822,24.054045891905318,0.17833956777531446,30.46054157422865,0.0,,,,,0.0,60074.48678475127,2.1312190313447528,2.024658079810592,367.8283168772239,1.918097128232329,419.5215633574048,0.0,124039.09677897143,2.131219031366196,2.0246580797421863,367.82831688058553,1.9180971282194492,419.5215633591316,0.0,91877.56652778713,2.131219031350118,2.024658079765084,367.82831688021133,1.9180971282501615,419.52156335830904
pentose phosphate,R13.2 net,Ru5P <-> R5P,reverse_RPI,pentose_phosphate,cytosol,31.9125,7620.5,30.7273,33.3496,2.6223000000000027,6.6656,1.91,3.4075,10.3212,6.913699999999999,62.8209,3.6611,14.682,68.0848,53.4028,20.712726634559,3.022786511215,51.753123985967,2.863692484308,67.5672262302,-1544.463224129164,1544.463224129164,47.1534540897675,40.5661638953686,67.84504559686935,34.78987188742061,75.21587973995278,-2511.7414588975835,2511.7414588975835,47.62404253079878,41.14473046885331,72.28649965285966,35.46326270131841,79.53651189773956,-3138.8748479331116,3138.8748479331116,47.35928307855079,40.81922105184884,78.2324628475456,35.084342687694004,89.78190259978449,9.00894090328,1.238440367133,15.049864709645,1.173259295178,19.970397576834,-7135.066807670853,7135.066807670853,27.76567615503223,23.38798683659889,42.92321134179667,20.898916294016903,45.64655109576259,-7976.868981125052,7976.868981125052,28.356591214676573,19.44692722566882,42.65047554405685,13.258420147872862,45.38816981381494,-21927.96080052221,21927.96080052221,9.686000182989593,4.35240512160533,38.275577706898744,3.6327074041355254,41.607483385671465,0.0,,,,,-19911.338824792612,19911.338824792612,8.091109236590732,7.68655377476781,137.38464169634892,7.281998313033093,170.61439739573186,-48875.94719790596,48875.94719790596,8.091109236602957,7.6865537746917925,137.3846416975711,7.28199831298317,170.61439739673352,-36068.140962688245,36068.140962688245,8.091109236608856,7.686553774627675,137.38464169542786,7.28199831306716,170.61439739557187
pentose phosphate,R14.2 net,Ru5P <-> X5P,RPE,pentose_phosphate,cytosol,50.2782,12006.0,47.9137,53.1734,5.259700000000002,5.6244,3.9466,-1.1094,13.1814,14.2908,88.8446,7.2948,-13.3282,97.9336,111.2618,32.717927191208,-6.46687327764,95.234098198056,-15.538276231816,127.29767899031,-4291.8095956467405,4291.8095956467405,86.3679870752148,41.52924750171294,121.98482795119412,15.582634290183186,137.03251565539114,-7190.629900901034,7190.629900901034,87.43929787430531,38.97514587588854,128.8172065683175,13.45384668066323,143.61823423896578,-7933.62103402791,7933.62103402791,86.83656385958045,40.41211816045301,138.9202672315988,14.651531521230634,153.8600691887316,14.450394737023,-3.306590932828,26.710616702996,-8.168960356504,36.727528311941,-1984.8425677031842,1984.8425677031842,-27.603913011594184,-38.277615499431725,-23.234311850153148,-41.27889960067676,-20.753329464872106,-2489.1909199710476,2489.1909199710476,-28.193975430071237,-37.977044256995626,-19.29244223023426,-40.99414789720349,-13.112065941958686,-4632.536481074942,4632.536481074942,-9.487845107733122,-31.630058344142643,-0.26835736491762585,-35.30091258058424,7.250000070206015,0.0,,,,,-45074.829108441765,45074.829108441765,-5.959890205245978,-39.64644302242781,238.2072101703231,-63.51080428072141,273.0384096353679,-77467.09015284528,77467.09015284528,-5.9598902052367615,-39.64644302392791,238.20721017231307,-63.51080428139243,273.03840963466286,-66355.59181112866,66355.59181112866,-5.959890205258739,-39.64644302245409,238.2072101716342,-63.51080428066869,273.03840963403036
pentose phosphate,R15.2 net,X5P <-> GAP + TKC2,TKT1 or TKT2,pentose_phosphate,cytosol,50.2782,12006.0,47.9137,53.1734,5.259700000000002,5.6244,3.9466,-1.1094,13.1814,14.2908,88.8446,7.2948,-13.3282,97.9336,111.2618,32.717927191208,-7.375508247509,95.234098197917,-18.415895031165,127.2976789903,-12425.050015822822,12425.050015822822,86.36798707521481,41.52924750196401,121.98482795138541,15.58263429162985,137.0325156546379,-22611.77388893007,22611.77388893007,87.43929787430531,38.97514587209032,128.81720656965572,13.453846679974433,143.61823423906418,-19371.319670561155,19371.319670561155,86.83656385958045,40.41211816090076,138.92026723185188,14.651531520023674,153.86006918812814,14.450394737023,-3.306590932963,26.710616703241,-8.168960356503,36.727528311937,-6669.428637597314,6669.428637597314,-27.603913011594187,-38.27761549953816,-23.234311850110572,-41.27889960071933,-20.753329464872106,-7655.006400226294,7655.006400226294,-28.19397543007124,-37.9770442569336,-19.29244223014968,-40.994147897304984,-13.11206594184591,-13312.663260829879,13312.663260829879,-9.487845107733122,-31.630058343930784,-0.2683573651824511,-35.300912580626616,7.250000070354318,0.0,,,,,-45720.04680802252,45720.04680802252,-5.9598902052018765,-39.64644302286884,238.20721017102875,-63.510804280721416,273.0384096348387,-74394.49424305193,74394.49424305193,-5.959890205236762,-39.64644302321901,238.207210171908,-63.510804280784804,273.0384096362832,-62438.464380164136,62438.464380164136,-5.959890205258739,-39.64644302266443,238.20721017079285,-63.51080428066868,273.03840963473147
pentose phosphate,R16.2 net,E4P + TKC2 <-> F6P,TKT2,pentose_phosphate,cytosol,21.61,5160.3,20.4264,23.0651,2.6387,0.8045,2.0063,-2.6197,4.647,7.2667,34.836,3.6489,-17.8195,39.1568,56.976299999999995,15.640836759632,-4.824292102863,46.934828604787,-11.293071067631,63.00252534277,-6212.525007911411,6212.525007911411,42.52925506853277,20.142622205350044,60.37041243019226,7.202052523685415,67.92699320515358,-11305.886944465035,11305.886944465035,43.07564286867007,18.87576716950236,63.79679752026288,6.1473178783460085,71.22951165778264,-9685.659835280578,9685.659835280578,42.76823766688352,19.588517030686578,68.84259156632761,6.740725923069731,76.34499475772543,6.930979679274,-1.932802271256,13.075801546838,-4.349276098565,18.098968235655,-3334.714318798657,3334.714318798657,-13.940560850091495,-19.270481876839582,-11.748830052096519,-20.764193710230213,-10.501408642293299,-3827.503200113147,3827.503200113147,-14.236322632237812,-19.120890299808178,-9.778589286320356,-20.6224753741105,-6.681434396423254,-6656.331630414939,6656.331630414939,-4.913708783853898,-15.976326090385566,-0.2954756012974108,-17.80326389729873,3.4721924280381358,0.0,,,,,-22860.02340401126,22860.02340401126,-4.806048441796027,-21.558019683743623,117.36880691338158,-33.39889514565172,134.87571181215037,-37197.247121525965,37197.247121525965,-4.806048441788331,-21.55801968409692,117.36880691427675,-33.39889514528584,134.8757118127418,-31219.232190082068,31219.232190082068,-4.806048441841738,-21.558019683429716,117.36880691287824,-33.39889514559743,134.87571181210265
pentose phosphate,R17.2 net,R5P + TKC2 <-> S7P,TKT1,pentose_phosphate,cytosol,28.6683,6845.8,27.4853,30.1098,2.624500000000001,4.8199,1.9403,1.51,8.5349,7.024900000000001,54.0086,3.6518,4.471,58.8776,54.4066,17.077090431576,-2.551216144646,48.29926959313,-7.122823963534,64.29515364753,-6212.525007911411,6212.525007911411,43.83873200668204,21.386625296613968,61.61441552119315,8.380581767944435,69.10552244948434,-11305.886944465035,11305.886944465035,44.36365500563523,20.099378702587966,65.02040904939284,7.306528801628424,72.38872258128154,-9685.659835280578,9685.659835280578,44.06832619269692,20.82360113021418,70.07767566552427,7.910805596953942,77.51507443040269,7.519415057749,-1.373788661707,13.634815156403,-3.819684257938,18.628560076282,-3334.714318798657,3334.714318798657,-13.663352161502692,-19.00713362269858,-11.485481798014053,-20.514705890489115,-10.251920822578807,-3827.503200113147,3827.503200113147,-13.957652797833427,-18.856153957125425,-9.513852943829322,-20.371672523194487,-6.430631545422656,-6656.331630414939,6656.331630414939,-4.574136323879225,-15.653732253545218,0.027118236114959653,-17.49764868332788,3.7778076423161817,0.0,,,,,-22860.02340401126,22860.02340401126,-1.1538417634058493,-18.088423339125214,120.83840325764717,-30.111909135069695,138.1626978226883,-37197.247121525965,37197.247121525965,-1.153841763448431,-18.088423339122084,120.83840325763124,-30.111909135498962,138.1626978235414,-31219.232190082068,31219.232190082068,-1.1538417634170006,-18.08842333923471,120.83840325791459,-30.111909135071254,138.16269782262884
pentose phosphate,R18.2 net,GAP + TAC3 <-> F6P,TALA,pentose_phosphate,cytosol,28.6683,6845.8,27.4853,30.1098,2.624500000000001,4.8199,1.9403,1.51,8.5349,7.024900000000001,54.0086,3.6518,4.471,58.8776,54.4066,0.0,-131.197910009079,48.299269593211,-223.766441058789,64.295153647588,-12965.934953581016,12965.934953581016,12.49153512860268,-134.37868747557056,61.61441552113338,-207.5343296362258,69.10552244944847,-26758.51872011639,26758.51872011639,13.134631616214822,-149.38745080011995,65.02040904958963,-221.90012712807268,72.38872258136026,-20418.454860776495,20418.454860776495,12.772816792582198,-140.94331658370095,70.0776756655048,-214.1358710349165,77.5150744316291,7.519415057749,-27.37147262065,13.634815156412,-59.376917683798,18.628560076284,-4853.812284846571,4853.812284846571,-13.663352161502692,-39.62652797818432,-11.485481798014053,-55.63302650706124,-10.251920822467055,-7131.444020470695,7131.444020470695,-13.957652797833427,-38.02351640532224,-9.513852943778573,-54.11438396381983,-6.43063154545085,-10885.803963715023,10885.803963715023,-4.574136323879225,-40.883927446856795,0.02711823641156402,-60.42029623099675,3.7778076424750773,0.0,,,,,-45020.142167397324,45020.142167397324,-1.1538417634058493,-430.1510596880745,120.83840325777948,-735.1431091726665,138.1626978226883,-46639.8589418665,46639.8589418665,-1.153841763448431,-430.1510596866285,120.83840325752996,-735.1431091860085,138.1626978235414,-58737.98136949101,58737.98136949101,-1.1538417634170006,-430.1510596925654,120.8384032579847,-735.1431091807652,138.16269782325983
pentose phosphate,R19.2 net,S7P <-> E4P + TAC3,TALA,pentose_phosphate,cytosol,28.6683,6845.8,27.4853,30.1098,2.624500000000001,4.8199,1.9403,1.51,8.5349,7.024900000000001,54.0086,3.6518,4.471,58.8776,54.4066,0.0,-131.197910009079,48.299269593211,-223.766441058789,64.295153647588,-12965.934953581016,12965.934953581016,12.49153512860268,-134.37868747557056,61.61441552113338,-207.5343296362258,69.10552244944847,-26758.51872011639,26758.51872011639,13.134631616214822,-149.38745080011995,65.02040904958963,-221.90012712807268,72.38872258136026,-20418.454860776495,20418.454860776495,12.772816792582198,-140.94331658370095,70.0776756655048,-214.1358710349165,77.5150744316291,7.519415057749,-27.37147262065,13.634815156412,-59.376917683798,18.628560076284,-4853.812284846571,4853.812284846571,-13.663352161502692,-39.62652797818432,-11.485481798014053,-55.63302650706124,-10.251920822467055,-7131.444020470695,7131.444020470695,-13.957652797833427,-38.02351640532224,-9.513852943778573,-54.11438396381983,-6.43063154545085,-10885.803963715023,10885.803963715023,-4.574136323879225,-40.883927446856795,0.02711823641156402,-60.42029623099675,3.7778076424750773,0.0,,,,,-45020.142167397324,45020.142167397324,-1.1538417634058493,-430.1510596880745,120.83840325777948,-735.1431091726665,138.1626978226883,-46639.8589418665,46639.8589418665,-1.153841763448431,-430.1510596866285,120.83840325752996,-735.1431091860085,138.1626978235414,-58737.98136949101,58737.98136949101,-1.1538417634170006,-430.1510596925654,120.8384032579847,-735.1431091807652,138.16269782325983
TCA cycle,R19,PYRmit -> ACCOAmit + CO2 + NADH,PDHm,tca_cycle,mitochondria,79.5555,18997.0,75.1116,83.9326,8.820999999999998,40.677,1.5155,37.8537,43.3332,5.4794999999999945,44.0966,21.4682,0.0,88.3798,88.3798,49.3924332229,0.0,108.938596949605,0.0,137.260714137385,0.0,12818.160023636468,29.244607897276314,0.0,84.26107505039674,0.0,106.90890132767646,0.0,21287.712419411706,28.765233517894146,0.0,86.9033405959431,0.0,109.17992620871183,0.0,21514.452466449,29.034936058450644,0.0,85.41676609116827,0.0,107.90221674689165,12.536617670123,0.0,36.3144404735,0.0,47.109891787706,0.0,4401.10555195336,26.011932675279592,0.0,31.84030320437194,0.0,33.90165130746955,0.0,5008.0419165981475,23.17302004639215,0.30940486463497563,31.633864247256803,0.0,33.706077558626795,0.0,8491.253356500647,23.297208649306636,0.0,34.400793457268215,0.0,37.249530462971414,0.0,,,,,0.0,23494.215510639497,0.0,0.0,114.41464266804991,0.0,192.50456133377017,0.0,55634.84802254697,0.0,0.0,114.41464266760374,0.0,192.50456133371063,0.0,36753.83106962995,0.0,0.0,114.41464267203298,0.0,192.50456133364224
TCA cycle,R20,ACCOAmit + OAAmit -> CITmit,CSm,tca_cycle,mitochondria,48.1077,11488.0,45.9786,50.4378,4.459200000000003,24.2101,0.831,22.53,25.8675,3.3374999999999986,503.6239,6.5557,475.5228,524.8055,49.282700000000034,31.634429463872,1.018908139556,129.797087733379,0.0,207.597241008861,0.0,11207.221992833222,14.304851831911387,0.0,165.4868265328914,0.0,231.89266561501722,0.0,19079.434513724187,14.070368282227397,0.0,180.47742536167218,0.0,245.7947472736117,0.0,18616.774960155006,14.202291913927025,0.0,172.04351073920205,0.0,237.9732472015719,5.112126000184,0.0,43.770319106268,0.0,71.335039154136,0.0,6063.407211220462,23.91869996250167,14.178858759123287,46.50632947955106,10.801024087505196,61.16389108626306,0.0,5638.5722914422095,23.447804196328022,14.51714061752002,45.03841062990539,11.121501637791367,59.77323112390377,0.0,12955.890580223906,25.49880523687653,8.820480520304981,54.02368233119014,5.4897072305206525,71.92513007217252,0.0,,,,,0.0,162593.09619947596,766.7320458453155,0.0,1019.3145830910083,0.0,1269.876973451766,0.0,383852.70279659965,766.7320458450981,0.0,1019.3145831076353,0.0,1269.8769734571106,0.0,257003.38278218752,766.7320458455811,0.0,1019.314583085234,0.0,1269.87697345355
TCA cycle,R21 net,CITmit <-> ICTmit,ACONTm,tca_cycle,mitochondria,23.5861,5632.2,23.2589,26.3246,3.0656999999999996,13.4182,0.2254,12.9841,14.8295,1.8453999999999997,97.2688,22.5348,60.3421,167.2569,106.9148,19.719785383911,-988.146201762523,1000.0,-988.770085880268,1000.0,-11684.38198102795,11684.38198102795,11.376289303853383,-2308.206146852271,2331.330654280476,-2308.206146852271,2337.0065108500316,-19631.651589150544,19631.651589150544,11.189810427346506,-4531.879833541765,4556.900471255184,-4531.879833541765,4562.483289811124,-17575.285228299254,17575.285228299254,11.29472597751433,-3945.396709443089,3981.3227979285766,-3945.396709443089,3988.9327712214977,0.697870747557,-995.143480299824,1000.0,-995.399086599836,1000.0,-2890.5221124439336,2890.5221124439336,0.23794445604429032,-1288.9928863452872,1295.3028672619105,-1288.9928863452872,1297.4172106497733,-3592.0833901530364,3592.0833901530364,0.0,-1241.381345214811,1247.4845117702102,-1241.381345214811,1249.6728362541496,-6436.314748699202,6436.314748699202,0.0,-2258.006668585783,2267.724370197101,-2258.006668585783,2270.9528932248286,0.0,,,,,-36006.05839314517,36006.05839314517,4.331432640024487,-4818.184120245842,5092.195896541068,-4818.184120245842,5125.14264515706,-111364.8918313565,111364.8918313565,11.610082590075068,-12030.114308647071,12304.126084942365,-12030.114308647071,12337.072833558856,-62296.138110522865,62296.138110522865,11.610082590033404,-8254.222524565133,8528.234300860962,-8254.222524565133,8561.18104947644
TCA cycle,R23,ICTmit -> AKG + CO2 + NADH,ICDHxm,tca_cycle,mitochondria,23.5861,5632.2,20.2194,26.3246,6.1052,1.1292e-06,178610.0,0.0,1.411,1.411,9.7109e-07,4.3533e-11,0.0,84.6396,84.6396,0.0,0.0,56.319988522569,0.0,74.504590986672,0.0,4664.475013637963,0.0,0.0,23.124507428336454,0.0,28.800363997676893,0.0,7545.851505015281,0.0,0.0,25.020637713438898,0.0,30.603456269773,0.0,7131.7712759879405,0.0,0.0,35.27975741560151,0.0,43.53606177842785,0.0,0.0,15.892449632856,0.0,22.062606657838,0.0,1670.8161858055894,0.0,0.0,6.133109143215734,0.0,8.318339648129642,0.0,1690.4552054596784,0.0,0.0,5.904948877312993,0.0,8.19322153927051,0.0,3183.8360119635154,0.0,0.0,8.87320087084254,0.0,12.454137238345584,0.0,,,,,0.0,24430.949887884548,0.0,0.0,274.01177629540183,0.0,306.9585249109969,0.0,53628.64746312026,0.0,0.0,274.0117762968138,0.0,306.95852491168364,0.0,39445.41012949622,0.0,0.0,274.01177629470874,0.0,306.9585249115184
TCA cycle,R24,ICTmit -> AKG + CO2 + NADPH,ICDHym,tca_cycle,mitochondria,8.9606e-07,6.8492e-10,0.0,3.4234,3.4234,13.4182,178610.0,0.0,14.8289,14.8289,97.2688,22.5348,0.0,169.5598,169.5598,19.719785383911,0.0,51.1244410412,0.0,68.397832165789,0.0,7976.020328851585,11.376289303853383,0.0,23.124507428336454,0.0,28.800363997676893,0.0,14154.350932248757,11.189810427346506,0.0,25.020637713438898,0.0,30.60345626973364,0.0,13172.606391729218,11.29472597751433,0.0,33.97653965440459,0.0,43.53606177842785,0.697870747557,0.0,15.661242443875,0.0,20.621724250874,0.0,4646.164268889206,0.23794445604429032,0.0,6.105390018169672,0.0,7.937220911122022,0.0,4456.962203366971,0.0,0.0,5.918914634715179,0.0,7.803570039495816,0.0,8386.700317380073,0.0,0.0,9.161747168869411,0.0,12.221282519375452,0.0,,,,,0.0,18883.312537900798,4.331432640024487,0.0,176.50296748833333,0.0,286.3520936000672,0.0,58813.77965103785,11.610082590075068,0.0,176.50296749220382,0.0,286.35209360204715,0.0,33738.337051269744,11.610082590033404,0.0,176.50296748602392,0.0,286.35209360079614
TCA cycle,R25,AKG -> 0.5*SUCmit + 0.5*SUCmit + CO2 + ATP + NADH,AKGDam and AKGDbm,tca_cycle,mitochondria,9.0116e-07,3.1424e-11,0.0,2.9799,2.9799,8.4745e-07,7.8351e-10,0.0,1.4815,1.4815,33.2014,22.3202,21.0794,102.0678,80.98840000000001,17.598475418077,0.0,48.768620959255,0.0,66.916474505412,-2518.869113326616,2518.869113326616,0.0,0.0,12.317032589638677,0.0,18.561703624122767,-4045.787112122269,4045.787112122269,0.0,0.0,14.390317807371162,0.0,20.532626884924987,-4851.006098712801,4851.006098712801,0.0,0.0,25.196098807077355,0.0,33.37080839894722,0.0,0.0,12.180974275366,0.0,18.815196777549,-1216.353331813815,1216.353331813815,0.0,0.0,4.285706392745827,0.0,6.69265057832251,-1432.3674281692768,1432.3674281692768,0.0,0.0,4.079955187712233,0.0,6.576208257560233,-2311.3954545196934,2311.3954545196934,0.0,0.0,7.196587463890704,0.0,10.726855203562925,0.0,,,,,-12634.006452419464,12634.006452419464,0.0,0.0,243.86910586580953,0.0,278.4023108199482,-31451.067427337606,31451.067427337606,0.0,0.0,243.86910586716138,0.0,278.40231082145203,-19703.4244124568,19703.4244124568,0.0,0.0,243.8691058671278,0.0,278.40231081926805
TCA cycle,R26 net,SUCmit <-> FUMmit + UQH2,SUCD2_u6m and SUCD1m,tca_cycle,mitochondria,24.5216,5855.6,22.0621,27.2136,5.151499999999999,10.7918,0.6418,9.4542,12.2571,2.8028999999999993,439.5565,7.3946,406.0041,462.4079,56.40379999999999,0.0,0.0,59.888436332668,0.0,90.792140921263,0.0,1879.1088785909635,0.0,0.0,41.55014358991678,0.0,65.90788416768585,0.0,2950.405700210966,0.0,0.0,45.340664435711645,0.0,69.29913562111734,0.0,2791.58182332925,0.0,0.0,45.75531509760426,0.0,69.89445231430797,0.0,0.0,17.777777778958,0.0,30.503266270383,0.0,449.99272755906816,0.0,0.0,7.283816046689325,0.0,11.668259165209507,0.0,499.5411009429031,0.0,0.0,6.844724820978508,0.0,11.252278003914581,0.0,972.7563913315465,0.0,0.0,10.006683521944824,0.0,16.25285569745425,0.0,,,,,0.0,3760.6092442413083,0.0,0.0,888.3365509798509,0.0,971.9991095509915,0.0,8725.605259980062,0.0,0.0,888.3365509791538,0.0,971.9991095522628,0.0,6483.908086908888,0.0,0.0,888.3365509803951,0.0,971.9991095476186
TCA cycle,R27 net,0.5*FUMmit + 0.5*FUMmit <-> 0.5*MALmit + 0.5*MALmit,FUMm,tca_cycle,mitochondria,30.7908,7352.7,28.4191,33.3866,4.967500000000001,14.3584,0.69,12.936,15.84,2.904,456.5855,7.168,425.8134,479.5243,53.71089999999998,19.156747108613,0.0,59.888436332694,0.0,90.792140921892,-3514.3173873705405,3514.3173873705405,0.0,0.0,41.55014359143518,0.0,65.90788416803258,-5756.5579733772,5756.5579733772,0.0,0.0,45.34066443584941,0.0,69.2991356215503,-5870.692681041854,5870.692681041854,0.0,0.0,45.75531509750693,0.0,69.89445231981716,0.0,0.0,17.777777778921,0.0,30.50326627037,-1831.9536005464665,1831.9536005464665,0.0,0.0,7.2838160467904345,0.0,11.668259164954073,-2025.5125733118884,2025.5125733118884,0.0,0.0,6.844724821023618,0.0,11.252278003790527,-3667.195198900883,3667.195198900883,0.0,0.0,10.006683520811372,0.0,16.252855697581367,0.0,,,,,-25355.776624740884,25355.776624740884,757.2463108251238,0.0,888.3365509790129,0.0,971.9991095481689,-62242.853398750536,62242.853398750536,757.246310824953,0.0,888.3365509801664,0.0,971.9991095513512,-39748.99276375568,39748.99276375568,757.2463108253602,0.0,888.3365509806756,0.0,971.9991095507736
TCA cycle,R28 net,MALmit <-> OAAmit + NADH,MDHm,tca_cycle,mitochondria,48.1077,11488.0,45.9786,50.4378,4.459200000000003,24.2101,0.831,22.53,25.8675,3.3374999999999986,503.6239,6.5557,475.5228,524.8055,49.282700000000034,23.379575320781,-290.08498561962,327.962977417943,-425.694547776213,373.8596628156,-10522.985808308435,10522.985808308435,0.0,-434.5691866025547,112.06201952328792,-590.1891974651817,149.40022618145383,-21114.72638616161,21114.72638616161,0.0,-471.7038780358689,411.5244132042148,-623.1337939433122,443.78766861559467,-19705.764410622498,19705.764410622498,0.0,-450.8113959762607,381.81970700061527,-604.5987162438564,411.60195223965496,0.0,-172.187532433045,262.615388695755,-220.946668153156,282.787228420061,-6172.339935122237,6172.339935122237,1.025633328100665,-144.4384886838379,87.06504252942732,-165.17292223889683,103.27083654206109,-7349.270781159535,7349.270781159535,1.0310393629835763,-156.79181166428356,120.36030581040164,-180.55715491200166,145.8070547968571,-11900.19089645932,11900.19089645932,5.721477160344389,-173.17683078899515,210.10069325454256,-202.05649409442276,236.0518586875875,0.0,,,,,-102082.4369575235,102082.4369575235,749.8212426430831,-1091.8100290874274,1181.2984552784492,-1497.504238071654,1303.335378681497,-231604.25892886956,231604.25892886956,749.8212426428643,-1091.8100290857408,1181.2984552779426,-1497.5042380785842,1303.3353786839295,-138915.3469722851,138915.3469722851,749.8212426433511,-1091.810029081349,1181.2984552754697,-1497.5042380770972,1303.335378678094
pyruvate metabolism,R29 net,MALmit <-> PYRmit + CO2 + NADH,ME1m,anaplerotic,mitochondria,-17.3169,4135.2,-17.5585,-15.7027,1.8557999999999986,-9.8517,0.1655,-10.143,-9.5186,0.6244000000000014,4.2838e-08,0.0,-31.3045,192.0293,223.3338,0.0,0.0,114.000000000506,0.0,227.999999997414,0.0,170.96937687758975,0.0,0.0,170.96937687758975,0.0,170.96937687758975,0.0,363.68394703774453,0.0,0.0,242.896044953181,0.0,341.34105206557484,0.0,363.8400577268039,0.0,0.0,228.29665391275017,0.0,327.6646804253204,0.0,0.0,48.098910892956,0.0,89.765313854134,0.0,200.94282630830668,0.0,0.0,32.98388197766298,0.0,55.370695205747076,0.0,268.1248374515751,0.0,0.0,30.741897533338697,0.0,53.24670994421896,0.0,436.220278721911,0.0,0.0,43.77924040680048,0.0,71.10624367646298,0.0,,,,,0.0,2897.0848042009093,0.0,0.0,572.073213352951,0.0,978.8062021144732,0.0,4649.402709908131,0.0,0.0,572.0732133208026,0.0,978.8062021414535,0.0,3889.0828458135384,0.0,0.0,572.0732133517516,0.0,978.8062021145902
pyruvate metabolism,R31,PYRcyt + CO2 + ATP -> OAAcyt,PC,anaplerotic,cytosol,6.7591,1614.0,3.6061,10.1343,6.5282,5.2691,0.4684,4.437,6.0864,1.6494,1.2973e-06,0.0,0.0,29.8293,29.8293,22.231476710394,12.424987620635,136.368822615887,2.618498531063,249.191516159986,0.0,2619.1791183617893,25.01622087867463,1.5239527479455746,225.46847273479776,0.0,288.03224521138213,0.0,4922.721997403756,24.60615775181579,0.0,263.55184291466526,0.0,359.2842407582868,0.0,4367.4433895670645,24.83686483975568,0.4666540855439541,249.14612042597145,0.0,345.776104271066,16.415122153272,5.104576968444,60.130221548575,1.57541238926,100.386525678857,0.0,2851.8874482755464,30.01447605549677,19.055071488966004,60.81010505997998,18.082721998959563,84.36395917853048,0.0,3060.062813632403,29.131146356445086,19.152449905595148,58.451244333625134,18.174975235756843,82.12924901621683,0.0,6345.214836192926,36.15774626652941,14.07844173806573,75.36187037706704,12.568750611118691,104.12653159822732,0.0,,,,,0.0,15819.961791976071,220.12296681845154,197.16641644340066,785.5899624206867,186.78923663091044,1181.085227548344,0.0,34430.492993129315,212.84431686841964,197.166416442992,785.5899624386839,186.7892366306347,1181.0852275545521,0.0,23988.63702352807,212.84431686848677,197.16641644354576,785.5899624227955,186.7892366309416,1181.085227551316
pyruvate metabolism,R35,AA -> AC + NADH,ALDD2y,acetate_metabolism ,cytosol,5.6341,1345.4,2.2296,7.56,5.330399999999999,1e-07,1.6411e-11,0.0,0.3292,0.3292,3.5468e-07,5.2909e-11,0.0,7.871,7.871,0.0,0.0,66.477092201321,0.0,108.51609855953,0.0,2.630298105809073,0.0,0.0,2.630298105809073,0.0,2.630298105809073,0.0,3.3455774348710268,0.0,0.0,3.3455774348710268,0.0,3.3455774348710268,0.0,7.592168138761558,0.0,0.0,7.592168138761558,0.0,7.592168138761558,0.0,0.0,25.475064703136,0.0,36.164347012472,0.0,2.1286316346218928,2.0845824884419346,0.0,2.1286316346218928,0.0,2.1286316346218928,0.0,5.131306037453909,0.0,0.0,5.131306037453909,0.0,5.131306037453909,0.0,10.593013082125085,0.0,0.0,10.593013082125085,0.0,10.593013082125085,0.0,,,,,0.0,10.143545516307036,0.0,0.0,10.143545516307036,0.0,10.143545516307036,0.0,10.127211304526535,0.0,0.0,10.127211304526535,0.0,10.127211304526535,0.0,21.033438863242502,0.0,0.0,21.033438863242502,0.0,21.033438863242502
pyruvate metabolism,R36,AA -> AC + NADPH,,acetate_metabolism ,cytosol,9.3296e-07,2.0371e-11,0.0,3.4234,3.4234,1.4705,0.1806,0.0,1.7996,1.7996,3.5777e-07,8.0773e-12,0.0,7.8683,7.8683,,,,,,,,,,,,,,,,,,,,,,,,,,,,,,,,,,,,,,,,,,,,,,,,,,,,,,,,,,,,,,,,,,,,,,,,,,,,,,
pyruvate metabolism,R37 net,AC + ATP <-> ACCOAcyt,ACS or reverse_ACOAH,acetate_metabolism ,cytosol,8.8783,2120.1,6.4472,11.8996,5.4524,3.3161,0.1956,2.6006,3.6837,1.0831,8.8122,0.1355,8.3911,17.2731,8.882,0.0,0.0,52.872792620603,0.0,94.955451865097,0.0,5813.676167866908,2.315931801335317,0.0,24.282384445713465,0.0,30.901427949332916,0.0,9706.110534578767,2.277969303295354,0.0,27.797581032735344,0.0,34.19892283480652,0.0,10769.587840322229,2.299327520614099,0.0,36.88897074425944,0.0,43.48186182496321,0.22351458299,0.0,22.996021043269,0.0,32.828981441225,0.0,2198.8764785644153,4.318510620692507,0.0,7.822085169547116,0.0,9.05256996161251,0.0,3160.7717431147403,0.10585150741465316,0.0,13.169913806129403,0.0,16.179244064828715,0.0,5176.169912449601,0.1289851011073646,0.0,19.74657858582865,0.0,27.184809716973575,0.0,,,,,0.0,18204.136012026327,1.3872745973084812,0.0,47.264548218734376,0.0,62.063337730798814,0.0,47525.98993101258,1.3872745973216845,0.0,47.22613534812844,0.0,62.02492486003916,0.0,27314.724822435484,1.3872745972901996,0.0,72.70225680936375,0.0,87.45377921925657
glyoxylate shunt,R41.2 net,CITcyt <-> ICTcyt,,,,24.5216,5855.6,22.0618,26.9564,4.894599999999997,10.7918,0.6418,9.4542,11.9515,2.497299999999999,406.3551,21.2079,347.3546,422.2887,74.9341,,,,,,,,,,,,,,,,,,,,,,,,,,,,,,,,,,,,,,,,,,,,,,,,,,,,,,,,,,,,,,,,,,,,,,,,,,,,,,
glyoxylate shunt,R43.2,ICTcyt -> GLYOXYcyt + SUCcyt,ICL,glyoxylate_shunt,cytosol,24.5216,5855.6,22.0618,26.9564,4.894599999999997,10.7918,0.6418,9.4542,11.9515,2.497299999999999,406.3551,21.2079,347.3546,422.2887,74.9341,1.558271690536,0.0,56.054817867055,0.0,88.894037978597,0.0,6869.501739339631,0.0,0.0,41.550143591530826,0.0,65.90788417008899,0.0,13021.774571208594,0.0,0.0,45.340664436754686,0.0,69.29913562111734,0.0,12567.37432138538,0.0,0.0,45.75531509818828,0.0,69.8944523167803,0.0,0.0,17.777777778877,0.0,30.503266270362,0.0,5854.588447864054,0.0,0.0,7.283816046609501,0.0,11.668259164858284,0.0,6113.9793376155485,0.0,0.0,6.844724820865731,0.0,11.252278003705946,0.0,12174.232144893896,0.0,0.0,10.006683521775336,0.0,16.25285569720002,0.0,,,,,0.0,157526.17470222156,547.9107167938533,519.8165366875915,826.7949996799007,491.92427828861184,929.6763358399023,0.0,424364.5861780972,547.9107167937257,519.8165366918926,826.7949996720547,491.92427828897695,929.6763358409685,0.0,251021.47276948133,547.9107167939949,519.8165366882265,826.7949996790907,491.92427829063035,929.6763358350955
glyoxylate shunt,R45,ACCOAcyt + GLYOXYcyt -> MALcyt,MALSp,glyoxylate_shunt,cytosol,24.5216,5855.6,22.0618,26.9564,4.894599999999997,10.7918,0.6418,9.4542,11.9515,2.497299999999999,406.3551,21.2079,347.3546,422.2887,74.9341,0.0,0.0,0.0,0.0,0.0,0.0,2365.2357921464045,0.0,0.0,0.0,0.0,0.0,0.0,4630.4759685341405,0.0,0.0,0.0,0.0,0.0,0.0,4546.930031206505,0.0,0.0,0.0,0.0,0.0,0.0,0.0,0.0,0.0,0.0,0.0,1683.800838776783,0.0,0.0,0.0,0.0,0.0,0.0,1705.3416317661377,0.0,0.0,0.0,0.0,0.0,0.0,3659.6741596125744,0.0,0.0,0.0,0.0,0.0,0.0,,,,,0.0,63466.841224378826,0.0,0.0,0.0,0.0,0.0,0.0,166645.28745824503,0.0,0.0,0.0,0.0,0.0,0.0,100584.70910254074,0.0,0.0,0.0,0.0,0.0
glyoxylate shunt,R46,MALcyt -> OAAcyt + NADH,MDH,tca_cycle,cytosol,24.5216,5855.6,21.9801,26.9565,4.976399999999998,10.7918,0.6418,9.4543,11.9516,2.497299999999999,359.3168,21.5861,193.4355,375.1548,181.71930000000003,0.0,-352.471917925453,303.756811424111,-402.828794998485,422.23480606554,-10166.939091985734,10166.939091985734,0.9215206888596579,-97.82455779909691,446.59357918425553,-126.02539741504015,605.9617611532275,-17491.859621541564,17491.859621541564,0.9064152236155744,-423.6885862300719,483.53116811374014,-450.42976763312043,638.6478155042405,-18190.834860472693,18190.834860472693,0.9149137636465139,-379.8173163894996,462.74957858909056,-406.7538808468736,620.258197118552,11.133993705538,-249.191374418672,189.887200009757,-277.363326560941,232.373150293075,-4366.9410142176785,4366.9410142176785,0.0,-86.09069086772158,124.67857924885651,-102.34776654679284,131.78743786127046,-4740.706510844642,4740.706510844642,0.0,-119.3808184155881,148.4160768097817,-144.87911937012905,156.62578690277692,-9412.95142477635,9412.95142477635,0.0,-210.74081329150508,171.14917762895232,-244.42313150807377,192.91174997801906,0.0,,,,,-43214.59106549467,43214.59106549467,785.9254425267412,352.57860993534894,2589.439167920915,239.28499888967139,2912.3634222324217,-111222.09815196267,111222.09815196267,793.2040924765791,352.5786099366771,2589.4391679205987,239.28499888786868,2912.3634222384644,-75111.81240989652,75111.81240989652,793.2040924770092,352.5786099380671,2589.43916791634,239.2849988929387,2912.363422227594
compartment transport,R18,PYRcyt -> PYRmit,PYRt2m,transport,mitochondria,130.4761,31157.0,126.5883,134.2621,7.6738,69.6459,1.9442,65.986,72.997,7.010999999999996,135.3748,20.4608,0.0,190.5844,190.5844,84.701328185434,-23.96024419852,122.155788355643,-131.471108536257,149.782263890452,-inf,inf,55.01192849300066,-140.89506158023087,95.83936335828844,-180.20094893888427,117.87780604082626,-inf,inf,54.11017904323191,-183.09017308673722,98.291838882558,-276.68595052111584,119.96902985359519,-inf,inf,54.617515538490444,-167.93004278557976,96.91204282280364,-262.4033732672594,118.79247891346333,19.546866173715,-23.106962236315,43.28880940937,-61.496069487041,50.578142191455,-inf,inf,29.9478306908816,-4.571209477646403,33.655625544523886,-25.821847575703664,35.62143036647825,-inf,inf,29.953278314741134,-2.4430101882355904,33.45875501284476,-23.80565877367622,35.43492144151327,-inf,inf,31.559276140001497,-15.14006912161503,36.66800157295296,-41.075205293639534,39.39613748902049,0.0,,,,,-inf,inf,11.338609881442194,-565.7014645605464,146.6746371173537,-972.7698085400849,222.00361220848535,-inf,inf,18.617259831421592,-565.7014645715865,146.6746371194425,-972.7698085205024,222.0036122106681,-inf,inf,18.61725983147956,-565.7014645395458,146.67463711418105,-972.7698085146505,222.00361220388552
compartment transport,R42 net,ACCOAcyt <-> ACCOAmit,,,,-24.4552,5839.8,-27.3447,-21.3154,6.029299999999999,-12.4888,0.647,-13.6291,-11.3746,2.2545,478.5212,21.0901,460.3607,536.8271,76.46639999999996,,,,,,,,,,,,,,,,,,,,,,,,,,,,,,,,,,,,,,,,,,,,,,,,,,,,,,,,,,,,,,,,,,,,,,,,,,,,,,
compartment transport,cit transp,CITmit -> CITcyt,CITtam or CITtbm or CITtcm,transport,mitochondria,24.5216,5855.6,22.0618,26.9564,4.894599999999997,10.7918,0.6418,9.4542,11.9515,2.497299999999999,406.3551,21.2079,347.3546,422.2887,74.9341,-11.914644079961,-1137.559626550583,1025.769565803352,-1224.103767525716,1042.295927737769,-6924.618440556813,6924.618440556813,-2.928562528058004,-2487.0511354741093,2338.6366938673245,-2561.1010419015875,2350.4383285330223,-13595.639500625295,13595.639500625295,-2.880557854880893,-4727.821783479521,4564.218766762806,-4800.545449100628,4575.68104105756,-11836.190128329268,11836.190128329268,-2.907565936393228,-4131.7489822792095,3976.6649669478293,-4205.189503319803,3988.3188161267867,-4.414255252627,-1047.350747216556,1007.5490172428,-1077.987526313158,1012.834889701645,-3866.9786590358617,3866.9786590358617,-23.680755506457384,-1337.8791768279707,1277.3652557107591,-1353.9560219760488,1280.6088152174511,-3724.144035644433,3724.144035644433,-23.447804196328022,-1288.6572342758163,1229.4288800497602,-1304.8222803632589,1232.689536111299,-6774.020005757348,6774.020005757348,-25.498805236876535,-2315.162307773561,2252.5549233536635,-2334.8003813806204,2255.822476037632,0.0,,,,,-14454.552360737525,14454.552360737525,-762.4006132052468,-5861.080248592291,4986.851564996397,-6125.735662214767,5128.429631167906,-36090.342925941215,36090.342925941215,-755.1219632551243,-13073.010436988454,12198.781753391753,-13337.665850618429,12340.35981956925,-24762.6675736954,24762.6675736954,-755.1219632554777,-9297.118652909832,8422.889969314427,-9561.774066531147,8564.468035486827
compartment transport,R44,SUCcyt -> SUCmit,SUCCtm,transport,mitochondria,24.5216,5855.6,22.0618,26.9564,4.894599999999997,10.7918,0.6418,9.4542,11.9515,2.497299999999999,406.3551,21.2079,347.3546,422.2887,74.9341,0.0,0.0,59.888436332669,0.0,90.79214092113,0.0,856.2815924456628,0.0,0.0,41.55014358991678,0.0,65.9078841683793,0.0,1260.1019009105403,0.0,0.0,45.340664435711645,0.0,69.29913562111734,0.0,1385.6680208129428,0.0,0.0,45.75531509760426,0.0,69.89445231428851,0.0,0.0,17.777777778958,0.0,30.503266270047,0.0,130.05939287539766,0.0,0.0,7.283816046923474,0.0,11.668259165209507,0.0,164.08901724165796,0.0,0.0,6.844724820978508,0.0,11.252278003914581,0.0,289.9307680577636,0.0,0.0,10.006683521944824,0.0,16.25285569745425,0.0,,,,,0.0,1694.8541486594756,0.0,0.0,888.3365509798509,0.0,971.9991095509915,0.0,5536.546420184656,0.0,0.0,888.3365509791538,0.0,971.9991095522628,0.0,3384.981427724493,0.0,0.0,888.3365509803951,0.0,971.9991095476186
compartment transport,R47,MALcyt -> MALmit,MALtm or reverse_CITtam or reverse_DICtm,transport,mitochondria,1.0371e-06,6.0009e-11,0.0,1.5902,1.5902,8.6614e-07,5.1954e-11,0.0,0.2516,0.2516,47.0383,0.7233,23.8429,242.8625,219.01960000000003,4.222828212168,-466.270586515646,479.75233863460096,-634.535044882679,603.717636733938,-4020.7693317435965,3164.487739297934,2.928562528058004,-542.0871102447168,240.15967374991027,-754.2484738538075,335.9848635315059,-7052.083635362846,5791.981734452305,2.880557854880893,-584.3381863294959,599.2096444102039,-792.8759150419795,691.5290091511124,-6716.732751068975,5331.064730256032,2.907565936393228,-563.1174142298802,545.6897073306325,-773.65052695105,635.3756359594931,7.3068513319849995,-225.185572056578,313.48954421786596,-297.36489967339503,363.922163401897,-1549.1116720960824,1419.0522792206848,1.0256333281006675,-125.71557828753762,102.9875508162602,-133.3435809126275,132.8009939748809,-1569.559379698127,1405.470362456469,1.0310393629835737,-158.98127689724157,139.13036307147368,-166.64948614185744,175.14580957073085,-2837.86820470131,2547.9374366435463,5.721477160344392,-204.72023553345738,253.47066980648884,-236.92672030834012,305.836353794026,0.0,,,,,-8207.892417564794,6513.038268905318,5.154302380122999,-2751.8581443866187,2226.115385271544,-2977.098769130679,2597.372470250082,-23103.207149016383,17566.66072883173,-2.1243475698286147,-3437.735291135702,2226.115385256795,-3985.0426898439055,2597.3724702585146,-15024.18538001412,11639.203952289627,-2.1243475698825023,-3437.735291164813,2226.115385268653,-3985.0426898273395,2597.3724702469235
amino acid biosynthesis,R48,G3P -> SER + NADH,,,,8.0115,1913.1,6.4433,9.2753,2.832,5.4252,0.1051,5.2222,5.7644,0.5422000000000002,29.4138,0.4523,23.7951,34.9333,11.138200000000001,,,,,,,,,,,,,,,,,,,,,,,,,,,,,,,,,,,,,,,,,,,,,,,,,,,,,,,,,,,,,,,,,,,,,,,,,,,,,,
amino acid biosynthesis,R50 net,SER <-> GLY + MTHF,,,,1.9835,473.6393,0.4449,3.2216,2.7767,1.9958,0.0824,1.8583,2.3313,0.4730000000000001,13.0397,0.2005,8.3851,15.4853,7.100200000000001,,,,,,,,,,,,,,,,,,,,,,,,,,,,,,,,,,,,,,,,,,,,,,,,,,,,,,,,,,,,,,,,,,,,,,,,,,,,,,
amino acid biosynthesis,R51 net,CO2 + MTHF + NADH <-> GLY,,,,-2.9267,698.8722,-4.4434,-1.7069,2.7364999999999995,-0.7976,0.0907,-0.9635,-0.448,0.5155000000000001,-0.2977,0.0046,-4.2207,-0.2835,3.9372,,,,,,,,,,,,,,,,,,,,,,,,,,,,,,,,,,,,,,,,,,,,,,,,,,,,,,,,,,,,,,,,,,,,,,,,,,,,,,
amino acid biosynthesis,R52,AKG + NADPH -> GLU,,,,94.7397,22623.0,92.3063,97.607,5.300700000000006,52.163,0.9414,50.188,53.9,3.711999999999996,242.039,3.7216,226.1604,287.481,61.320599999999985,,,,,,,,,,,,,,,,,,,,,,,,,,,,,,,,,,,,,,,,,,,,,,,,,,,,,,,,,,,,,,,,,,,,,,,,,,,,,,
amino acid biosynthesis,R53,GLU + ATP -> GLN,,,,16.5936,3962.5,16.339,16.8262,0.4872000000000014,9.4401,0.1586,9.1348,9.7194,0.5846,45.0734,0.6931,42.92,53.5315,10.6115,,,,,,,,,,,,,,,,,,,,,,,,,,,,,,,,,,,,,,,,,,,,,,,,,,,,,,,,,,,,,,,,,,,,,,,,,,,,,,
amino acid biosynthesis,R54,GLU + ATP + 2*NADPH -> PRO,,,,3.7264,889.852,3.6693,3.7787,0.10940000000000039,2.12,0.0356,2.0514,2.1827,0.13129999999999997,10.1222,0.1556,9.6386,12.0216,2.382999999999999,,,,,,,,,,,,,,,,,,,,,,,,,,,,,,,,,,,,,,,,,,,,,,,,,,,,,,,,,,,,,,,,,,,,,,,,,,,,,,
amino acid biosynthesis,R55,GLU + GLU + CO2 + GLN + ASP + 5*ATP + NADPH -> AKG + ARG + GLU + FUMmit,,,,3.8141,910.7897,3.7556,3.8676,0.1120000000000001,2.1699,0.0365,2.0997,2.234,0.13430000000000009,10.3603,0.1593,9.8654,12.3045,2.4391000000000016,,,,,,,,,,,,,,,,,,,,,,,,,,,,,,,,,,,,,,,,,,,,,,,,,,,,,,,,,,,,,,,,,,,,,,,,,,,,,,
amino acid biosynthesis,R56,OAAcyt + GLU -> ASP + AKG,,,,31.2807,7469.7,28.9011,34.2226,5.3215,16.061,0.3601,15.1219,16.7703,1.6483999999999988,69.6643,1.0712,66.335,85.3248,18.989800000000002,,,,,,,,,,,,,,,,,,,,,,,,,,,,,,,,,,,,,,,,,,,,,,,,,,,,,,,,,,,,,,,,,,,,,,,,,,,,,,
amino acid biosynthesis,R58,ASP + GLN -> ASN + GLU,,,,4.2964,1025.9,4.2304,4.3566,0.12619999999999987,2.4442,0.0411,2.3651,2.5165,0.1514000000000002,11.6703,0.1794,11.1127,13.8602,2.7475000000000005,,,,,,,,,,,,,,,,,,,,,,,,,,,,,,,,,,,,,,,,,,,,,,,,,,,,,,,,,,,,,,,,,,,,,,,,,,,,,,
amino acid biosynthesis,R60,PYRmit + GLU -> ALA + AKG,,,,6.4445,1538.9,6.3457,6.5349,0.18920000000000048,3.6663,0.0616,3.5477,3.7748,0.22710000000000008,17.5054,0.2692,16.6691,20.7903,4.121199999999998,,,,,,,,,,,,,,,,,,,,,,,,,,,,,,,,,,,,,,,,,,,,,,,,,,,,,,,,,,,,,,,,,,,,,,,,,,,,,,
amino acid biosynthesis,R61,ASP + 2*ATP + 2*NADPH -> THR,,,,13.9638,3334.5,11.5474,16.9646,5.417200000000001,6.2093,0.2257,5.4591,6.6547,1.1955999999999998,22.626,0.3479,21.5447,32.5275,10.982800000000005,,,,,,,,,,,,,,,,,,,,,,,,,,,,,,,,,,,,,,,,,,,,,,,,,,,,,,,,,,,,,,,,,,,,,,,,,,,,,,
amino acid biosynthesis,R62 net,THR <-> GLY + AA + NADH,,,,5.6341,1345.4,3.1928,8.6685,5.4757,1.4705,0.1806,0.7722,1.7997,1.0275,7.1245e-07,4.1395e-11,,7.8711,,,,,,,,,,,,,,,,,,,,,,,,,,,,,,,,,,,,,,,,,,,,,,,,,,,,,,,,,,,,,,,,,,,,,,,,,,,,,,,
amino acid biosynthesis,R63,SER + ACCOAcyt + 3*ATP + 4*NADPH -> CYS + AC,,,,0.7891,188.4392,0.777,0.8002,0.0232,0.4489,0.0075,0.4344,0.4622,0.02779999999999999,2.1435,0.033,2.0411,2.5458,0.5046999999999997,,,,,,,,,,,,,,,,,,,,,,,,,,,,,,,,,,,,,,,,,,,,,,,,,,,,,,,,,,,,,,,,,,,,,,,,,,,,,,
amino acid biosynthesis,R64,ASP + MTHF + ACCOAcyt + 2*NADPH -> MET + AC,,,,2.4551,586.2554,2.4174,2.4895,0.07209999999999983,1.3967,0.0235,1.3515,1.438,0.08650000000000002,6.6687,0.1025,6.3501,7.9201,1.5699999999999994,,,,,,,,,,,,,,,,,,,,,,,,,,,,,,,,,,,,,,,,,,,,,,,,,,,,,,,,,,,,,,,,,,,,,,,,,,,,,,
amino acid biosynthesis,R65,AKG + ACCOAcyt + GLU + GLU -> LYS + CO2 + AKG + AKG,,,,5.5677,1329.5,5.4823,5.6458,0.16349999999999998,3.1675,0.0532,3.065,3.2612,0.19620000000000015,15.1237,0.2325,14.4012,17.9617,3.560500000000001,,,,,,,,,,,,,,,,,,,,,,,,,,,,,,,,,,,,,,,,,,,,,,,,,,,,,,,,,,,,,,,,,,,,,,,,,,,,,,
amino acid biosynthesis,R67,PYRmit + PYRmit + GLU + NADPH -> VAL + CO2 + AKG,,,,4.8444,1156.8,4.77,4.9123,0.14230000000000054,2.756,0.0463,2.6668,2.8375,0.17070000000000007,13.1588,0.2023,12.5302,15.6281,3.097899999999999,,,,,,,,,,,,,,,,,,,,,,,,,,,,,,,,,,,,,,,,,,,,,,,,,,,,,,,,,,,,,,,,,,,,,,,,,,,,,,
amino acid biosynthesis,R69,PEP + PEP + E4P + GLU + ATP + NADPH -> PHE + CO2 + AKG,,,,3.8141,910.7897,3.7556,3.8676,0.1120000000000001,2.1699,0.0365,2.0997,2.234,0.13430000000000009,10.3603,0.1593,9.8654,12.3045,2.4391000000000016,,,,,,,,,,,,,,,,,,,,,,,,,,,,,,,,,,,,,,,,,,,,,,,,,,,,,,,,,,,,,,,,,,,,,,,,,,,,,,
amino acid biosynthesis,R70,PEP + PEP + E4P + GLU + ATP + NADPH -> TYR + CO2 + AKG,,,,2.4551,586.2554,2.4174,2.4895,0.07209999999999983,1.3967,0.0235,1.3515,1.438,0.08650000000000002,6.6687,0.1025,6.3501,7.9201,1.5699999999999994,,,,,,,,,,,,,,,,,,,,,,,,,,,,,,,,,,,,,,,,,,,,,,,,,,,,,,,,,,,,,,,,,,,,,,,,,,,,,,
amino acid biosynthesis,R71.2,SER + R5P + PEP + E4P + PEP + GLN + 3*ATP + NADPH -> TRP + CO2 + GAP + PYRcyt + GLU,,,,0.7891,188.4392,0.777,0.8002,0.0232,0.4489,0.0075,0.4344,0.4622,0.02779999999999999,2.1435,0.033,2.0411,2.5458,0.5046999999999997,,,,,,,,,,,,,,,,,,,,,,,,,,,,,,,,,,,,,,,,,,,,,,,,,,,,,,,,,,,,,,,,,,,,,,,,,,,,,,
amino acid biosynthesis,R72.2,R5P + MTHF + GLN + ASP + 5*ATP -> HIS + AKG + FUMmit + 2*NADH,,,,2.4551,586.2554,2.4174,2.4895,0.07209999999999983,1.3967,0.0235,1.3515,1.438,0.08650000000000002,6.6687,0.1025,6.3501,7.9201,1.5699999999999994,,,,,,,,,,,,,,,,,,,,,,,,,,,,,,,,,,,,,,,,,,,,,,,,,,,,,,,,,,,,,,,,,,,,,,,,,,,,,,
amino acid biosynthesis,R76,PYRmit + THR + GLU + NADPH -> ILE + CO2 + AKG,,,,3.4853,832.2733,3.4318,3.5342,0.10239999999999982,1.9828,0.0333,1.9187,2.0415,0.12280000000000002,9.4672,0.1456,9.0149,11.2437,2.2287999999999997,,,,,,,,,,,,,,,,,,,,,,,,,,,,,,,,,,,,,,,,,,,,,,,,,,,,,,,,,,,,,,,,,,,,,,,,,,,,,,
amino acid biosynthesis,R77,ACCOAmit + PYRmit + PYRmit + GLU + NADPH -> LEU + CO2 + CO2 + AKG,,,,6.9925,1669.8,6.8853,7.0905,0.2051999999999996,3.9781,0.0668,3.8494,4.0957,0.24629999999999974,18.994,0.2921,18.0865,22.5582,4.4716999999999985,,,,,,,,,,,,,,,,,,,,,,,,,,,,,,,,,,,,,,,,,,,,,,,,,,,,,,,,,,,,,,,,,,,,,,,,,,,,,,
biomass formation,R80 steph AC,0.294*ALA + 0.174*ARG + 0.196*ASN + 0.196*ASP + 0.036*CYS + 0.239*GLN + 0.239*GLU + 0.214*GLY + 0.112*HIS + 0.159*ILE + 0.319*LEU + 0.254*LYS + 0.112*MET + 0.174*PHE + 0.17*PRO + 0.203*SER + 0.221*THR + 0.036*TRP + 0.112*TYR + 0.221*VAL -> Biomass,biomass_C,biomass_formation,cytosol,21.9202,5234.4,21.5839,22.2274,0.6434999999999995,12.4705,0.2095,12.0671,12.8393,0.7721999999999998,59.5422,0.9155,56.6975,70.7154,14.017900000000004,11.398166174414,10.828257865693,11.398166174414,10.258349556973,11.398166174402,0.0,inf,10.392060980687607,9.872457931650239,10.392060980687607,9.352854882612869,10.392060980687607,0.0,inf,10.221715466034821,9.710629692736033,10.221715466034821,9.199543919437245,10.221715466034821,0.0,inf,10.317554167582953,9.801676459196019,10.317554167582953,9.285798750828551,10.317554167582953,4.66984653044,4.436354203918,4.669846530456,4.202861877396,4.669846530463,0.0,inf,2.199939160662268,2.089942202629421,2.199939160662268,1.9799452445965735,2.199939160662268,0.0,inf,2.211534871836135,2.1009581282457384,2.211534871836135,1.990381384649702,2.211534871836135,0.0,inf,2.6948605268394044,2.5601175004963745,2.6948605268394044,2.425374474153345,2.6948605268394044,0.0,,,,,0.0,inf,28.984057229389542,27.534854367898014,28.984057229389542,26.085651506450585,28.984057229389542,0.0,inf,28.984057229382575,27.534854367923575,28.984057229382575,26.085651506464576,28.984057229382575,0.0,inf,28.984057229399173,27.534854367932724,28.984057229399173,26.085651506466267,28.984057229399173
energy metabolism,R81,ATP -> ATP_maintenance,ATPM,energy_metabolism,cytosol,733.5088,175160.0,708.6899,760.4903,51.80040000000008,353.9727,15.7328,325.9231,384.5208,58.59770000000003,3855.5,68.0696,2990.6,4113.3,1122.7000000000003,0.0,0.0,85.500000000565,0.0,170.999999998814,0.0,inf,0.0,0.0,162.7101090904315,0.0,237.2088461368577,0.0,inf,0.0,0.0,182.17203371527444,0.0,256.0057890510409,0.0,inf,0.0,0.0,171.22249043380828,0.0,245.74851032319032,0.0,0.0,36.074183168979,0.0,67.323985390412,0.0,inf,0.0,0.0,24.737911482641906,0.0,41.52802140281494,0.0,inf,0.0,0.0,23.056423149383757,0.0,39.93503245737479,0.0,inf,0.0,0.0,32.834430304059595,0.0,53.32968275840389,0.0,,,,,0.0,inf,0.0,0.0,429.0549100086051,0.0,734.1046515867921,0.0,inf,0.0,0.0,429.0549100307309,0.0,734.1046515876333,0.0,inf,0.0,0.0,429.0549100210877,0.0,734.1046515754961
,R82,NADH -> NADPH,,,,1.1129e-06,7.7961e-12,0.0,3.4234,3.4234,48.8442,178610.0,23.6097,86.6691,63.0594,1e-07,9.6036e-12,0.0,464.9737,464.9737,,,,,,,,,,,,,,,,,,,,,,,,,,,,,,,,,,,,,,,,,,,,,,,,,,,,,,,,,,,,,,,,,,,,,,,,,,,,,,
,R83,NADH -> 2*ATP,,,,344.1447,82180.0,334.5028,354.682,20.179200000000037,115.3919,8.449,100.6763,131.6644,30.988100000000003,1594.6,28.64,1200.8,1680.1,479.29999999999995,,,,,,,,,,,,,,,,,,,,,,,,,,,,,,,,,,,,,,,,,,,,,,,,,,,,,,,,,,,,,,,,,,,,,,,,,,,,,,
,R84,UQH2 -> ATP,,,,24.5216,5855.6,22.0621,27.2136,5.151499999999999,110.7918,0.6418,109.4544,112.2571,2.8026999999999873,439.5565,7.3946,406.0041,462.4079,56.40379999999999,,,,,,,,,,,,,,,,,,,,,,,,,,,,,,,,,,,,,,,,,,,,,,,,,,,,,,,,,,,,,,,,,,,,,,,,,,,,,,
,R85,FADH2 -> ATP,,,,,,,,,,,,,,700.0,1.5408e-10,,,0.0,,,,,,,,,,,,,,,,,,,,,,,,,,,,,,,,,,,,,,,,,,,,,,,,,,,,,,,,,,,,,,,,,,,,,,,,,,,,,,
,R79,CO2 -> CO2_EX,reverse_CO2t,transport,extracellular,195.3095,46639.0,189.6374,201.5177,11.880299999999977,69.7701,3.8675,62.961,77.2193,14.258300000000006,700.7323,16.9024,494.442,753.263,258.821,167.905908227117,148.04110211769,189.510612815801,128.454918556705,211.115317404408,-inf,inf,184.30125176522282,172.4388249377414,225.74411723153077,161.03632158592288,245.44179527188086,-inf,inf,185.01077396418407,173.29049163010166,231.8788782847274,162.07489685271648,251.25367416430146,-inf,inf,184.61158713263123,172.59180785286637,228.4273783446503,161.293292639321,247.983832115922,39.237883656721,29.422215887899,47.930751378767,19.606548120193,56.549744149624,-inf,inf,45.780676180450875,30.804396597884992,82.37531720924606,19.750865592667232,92.33284582756374,-inf,inf,47.355675533865,22.512388472035607,81.3419207284288,4.180115189415761,91.39657625485198,-inf,inf,13.841692032124724,0.0,83.53956938468578,0.0,95.59851166152555,0.0,,,,,-inf,inf,701.240191752672,613.510090690321,756.1787652385931,567.499577751268,811.1167249612876,-inf,inf,701.2401917524793,613.510090690234,756.1787652382815,567.4995777509022,811.1167249611007,-inf,inf,701.2401917529386,613.510090690301,756.178765238393,567.4995777516342,811.116724962142
