Unnamed: 0,ID,Equation,reaction_ids,pathway,compartment,glucose_flux,glucose_std_err,glucose_LB,glucose_UB,glucose_ΔB,glycerol_flux,glycerol_std_err,glycerol_LB,glycerol_UB,glycerol_ΔB,oleic_acid_flux,oleic_acid_std_err,oleic_acid_LB,oleic_Acid_UB,oleic_acid_ΔB,glucose_pFBA_flux,glucose_pFBA_90.0%_LB,glucose_pFBA_90.0%_UB,glycerol_pFBA_flux,glycerol_pFBA_90.0%_LB,glycerol_pFBA_90.0%_UB,oleic_acid_pFBA_flux,oleic_acid_pFBA_90.0%_LB,oleic_acid_pFBA_90.0%_UB
uptake,uptake,Glucose + ATP -> G6P,reverse_EX_glc_e,substrate_uptake,cytosol,100.0,23879.0,100.0,100.0,0.0,,,,,,,,,,,100.0,100.0,100.0,0.0,0.0,0.0,0.0,0.0,0.0
uptake,R3 glyc3p,GLYC + ATP -> Glyc3P,reverse_GLYCt,emp,cytosol,,,,,,100.0,4.9118e-10,100.0,100.0,0.0,,,,,,0.0,-13.491124260209,0.0,100.0,100.0,100.0,0.0,-33.87755102058,0.0
uptake,R3 dhap net,Glyc3P <-> DHAP + UQH2,,emp,cytosol,,,,,,100.0,4.9118e-10,100.0,100.0,0.0,,,,,,,,,,,,,,
uptake,OA uptake,OA + ATP -> 9*ACCOAcyt + 7*NADH + 7*FADH2,OCDCEAt,substrate_uptake,cytosol,,,,,,,,,,,100.0,2.2011e-11,0.0,0.0,0.0,0.0,0.0,0.0,0.0,0.0,0.0,100.0,100.0,100.0
glycolysis/gluconeogensis,R4 net,G6P <-> F6P,PGI,emp,cytosol,17.8093,4252.8,13.4786,21.3566,7.878,-12.29,5.8565,-23.5032,-2.2969,21.2063,-151.6655,10.9487,-165.8804,-1.3939,164.4865,35.574484607638,-104.76028063038,89.350320607251,-27.963947641371,-60.750812450143,-4.363190323909,-30.70131072355,-426.28331213916,-27.6311796512
glycolysis/gluconeogensis,R5 net,F6P + ATP <-> FBP,PFK or reverse_FBP,emp,cytosol,68.0875,16259.0,66.6504,69.2727,2.6222999999999956,-6.6656,1.91,-10.3212,-3.4075,6.913699999999999,-62.8209,3.6611,-68.0848,-14.682,53.4028,38.629378956131,-170.999999998224,235.135822446943,-18.670033218953,-85.306609442537,57.455743011386,-69.43725876946,-684.99353289838,560.00646711247
glycolysis/gluconeogensis,R6 net,FBP <-> DHAP + GAP,FBA,emp,cytosol,68.0875,16259.0,66.6504,69.2727,2.6222999999999956,-6.6656,1.91,-10.3212,-3.4075,6.913699999999999,-62.8209,3.6611,-68.0848,-14.682,53.4028,38.629378956131,-170.999999998126,75.913583935733,-18.670033218953,-85.306609441751,-9.868242379284,-69.43725876946,-684.99353289773,-62.49353289252
glycolysis/gluconeogensis,R7 net,DHAP <-> GAP,TPI,emp,cytosol,68.0875,16259.0,66.6504,69.2727,2.6222999999999956,93.3344,1.91,89.6788,96.5929,6.914100000000005,-62.8209,3.6611,-68.0848,-14.682,53.4028,54.583426311608,10.199311421334,74.902845167231,80.869854274157,70.920518082862,89.717656364517,-72.35105587521,-216.14299366350997,-65.11595028766
glycolysis/gluconeogensis,R8 net,GAP <-> G3P + ATP + NADH,GAPD,emp,cytosol,158.5742,37867.0,157.1426,159.7746,2.632000000000005,87.9222,1.8212,84.4387,91.0275,6.588800000000006,-88.6622,3.7168,-95.291,-44.5043,50.786699999999996,125.955289226664,84.326579559518,149.137521790787,69.140861680665,60.061750870753,79.161563030368,-146.6283340637,-282.99254403309,-131.96550065731
glycolysis/gluconeogensis,R9 net,G3P <-> PEP,ENO,emp,cytosol,150.5627,35954.0,149.8699,151.3211,1.4512,82.4971,1.755,79.059,85.5244,6.4654000000000025,-118.076,3.8298,,-78.6386,,116.254215322452,-14.600053355737,149.137521790785,39.780984775493,-2.445014575563,66.306152568246,-146.6283340637,-365.65163287714,-131.96550065731
glycolysis/gluconeogensis,R10 net,PEP <-> PYRcyt + ATP,PYK,emp,cytosol,136.4461,32583.0,135.5554,137.8096,2.2541999999999973,74.4661,1.6239,71.2799,77.2686,5.988700000000009,133.2313,20.4839,-2.4959,186.4745,188.9704,113.381707978565,0.0,297.141709614661,38.604114018544,0.0,107.138093851604,0.0,0.0,622.50000000117
glycolysis/gluconeogensis,R32,OAAcyt + ATP -> PEP + CO2,PPCK,anaplerotic,cytosol,1.4085e-06,2.0541e-10,0.0,1.058,1.058,1.3956e-06,6.6981e-11,0.0,0.6221,0.6221,289.6524,22.1777,118.4212,307.635,189.2138,0.0,0.0,170.999999998409,0.0,0.0,67.323985390702,154.08121255339,138.67309129794,761.17309130589
pentose phosphate,R11,G6P -> PG6 + NADPH,G6PDH2,pentose_phosphate,cytosol,82.1907,19627.0,78.6431,86.5215,7.878399999999999,12.29,5.8565,2.2969,23.5032,21.2063,151.6655,10.9487,1.3939,165.8804,164.4865,52.59253828931,0.0,194.110601238742,23.115958392582,0.0,56.38762212531,0.0,0.0,398.65213248663997
pentose phosphate,R12.2,PG6 -> Ru5P + CO2 + NADPH,GND,pentose_phosphate,cytosol,82.1907,19627.0,78.6431,86.5215,7.878399999999999,12.29,5.8565,2.2969,23.5032,21.2063,151.6655,10.9487,1.3939,165.8804,164.4865,53.430653825767,0.75430398281,194.864905220514,23.459335640303,0.309039522948,56.696661649199,2.17453691348,1.95708322214,400.60921571028996
pentose phosphate,R13.2 net,Ru5P <-> R5P,reverse_RPI,pentose_phosphate,cytosol,31.9125,7620.5,30.7273,33.3496,2.6223000000000027,6.6656,1.91,3.4075,10.3212,6.913699999999999,62.8209,3.6611,14.682,68.0848,53.4028,20.712726634559,2.863692484306,67.567226230209,9.00894090328,1.173259295176,19.970397576697,8.255564279,7.4300078511,158.45705122639
pentose phosphate,R14.2 net,Ru5P <-> X5P,RPE,pentose_phosphate,cytosol,50.2782,12006.0,47.9137,53.1734,5.259700000000002,5.6244,3.9466,-1.1094,13.1814,14.2908,88.8446,7.2948,-13.3282,97.9336,111.2618,32.717927191208,-15.538276232035,127.297678990982,14.450394737023,-8.168960356502,36.727528311931,-6.08102736551,-54.779855322,260.29516369585
pentose phosphate,R15.2 net,X5P <-> GAP + TKC2,TKT1 or TKT2,pentose_phosphate,cytosol,50.2782,12006.0,47.9137,53.1734,5.259700000000002,5.6244,3.9466,-1.1094,13.1814,14.2908,88.8446,7.2948,-13.3282,97.9336,111.2618,32.717927191208,-18.415895031169,127.29767899030199,14.450394737023,-8.168960356432,36.727528311808,-6.08102736551,-54.77985532218,260.29516369606
pentose phosphate,R16.2 net,E4P + TKC2 <-> F6P,TKT2,pentose_phosphate,cytosol,21.61,5160.3,20.4264,23.0651,2.6387,0.8045,2.0063,-2.6197,4.647,7.2667,34.836,3.6489,-17.8195,39.1568,56.976299999999995,15.640836759632,-11.293071067633,63.002525342771,6.930979679274,-4.349276098493,18.098968235524,-4.903733305179999,-29.06682532115,128.47068418771
pentose phosphate,R17.2 net,R5P + TKC2 <-> S7P,TKT1,pentose_phosphate,cytosol,28.6683,6845.8,27.4853,30.1098,2.624500000000001,4.8199,1.9403,1.51,8.5349,7.024900000000001,54.0086,3.6518,4.471,58.8776,54.4066,17.077090431576,-7.122823963536,64.295153647531,7.519415057749,-3.819684257939,18.628560076284,-1.17729406033,-25.713030001030003,131.82447950835
pentose phosphate,R18.2 net,GAP + TAC3 <-> F6P,TALA,pentose_phosphate,cytosol,28.6683,6845.8,27.4853,30.1098,2.624500000000001,4.8199,1.9403,1.51,8.5349,7.024900000000001,54.0086,3.6518,4.471,58.8776,54.4066,0.0,-223.766441058427,64.295153647528,7.519415057749,-59.376917683784,18.628560076282,-1.17729406033,-623.55956465928,131.82447950836
pentose phosphate,R19.2 net,S7P <-> E4P + TAC3,TALA,pentose_phosphate,cytosol,28.6683,6845.8,27.4853,30.1098,2.624500000000001,4.8199,1.9403,1.51,8.5349,7.024900000000001,54.0086,3.6518,4.471,58.8776,54.4066,0.0,-223.766441058427,64.295153647528,7.519415057749,-59.376917683784,18.628560076282,-1.17729406033,-623.55956465928,131.82447950836
TCA cycle,R19,PYRmit -> ACCOAmit + CO2 + NADH,PDHm,tca_cycle,mitochondria,79.5555,18997.0,75.1116,83.9326,8.820999999999998,40.677,1.5155,37.8537,43.3332,5.4794999999999945,44.0966,21.4682,0.0,88.3798,88.3798,49.3924332229,0.0,137.260714137385,12.536617670123,0.0,47.109891787706,0.0,0.0,165.69006944493998
TCA cycle,R20,ACCOAmit + OAAmit -> CITmit,CSm,tca_cycle,mitochondria,48.1077,11488.0,45.9786,50.4378,4.459200000000003,24.2101,0.831,22.53,25.8675,3.3374999999999986,503.6239,6.5557,475.5228,524.8055,49.282700000000034,31.634429463872,0.0,207.597241008861,5.112126000184,0.0,71.335039154136,260.25954068134,0.0,1178.20691292135
TCA cycle,R21 net,CITmit <-> ICTmit,ACONTm,tca_cycle,mitochondria,23.5861,5632.2,23.2589,26.3246,3.0656999999999996,13.4182,0.2254,12.9841,14.8295,1.8453999999999997,97.2688,22.5348,60.3421,167.2569,106.9148,19.719785383911,-988.770085880268,1000.0,0.697870747557,-995.399086599836,1000.0,11.84606217811,-9257.74820135465,10000.0
TCA cycle,R23,ICTmit -> AKG + CO2 + NADH,ICDHxm,tca_cycle,mitochondria,23.5861,5632.2,20.2194,26.3246,6.1052,1.1292e-06,178610.0,0.0,1.411,1.411,9.7109e-07,4.3533e-11,0.0,84.6396,84.6396,0.0,0.0,74.504590986672,0.0,0.0,22.062606657838,0.0,0.0,294.90471892886
TCA cycle,R24,ICTmit -> AKG + CO2 + NADPH,ICDHym,tca_cycle,mitochondria,8.9606e-07,6.8492e-10,0.0,3.4234,3.4234,13.4182,178610.0,0.0,14.8289,14.8289,97.2688,22.5348,0.0,169.5598,169.5598,19.719785383911,0.0,68.397832165789,0.697870747557,0.0,20.621724250874,11.84606217811,0.0,246.16299728206
TCA cycle,R25,AKG -> 0.5*SUCmit + 0.5*SUCmit + CO2 + ATP + NADH,AKGDam and AKGDbm,tca_cycle,mitochondria,9.0116e-07,3.1424e-11,0.0,2.9799,2.9799,8.4745e-07,7.8351e-10,0.0,1.4815,1.4815,33.2014,22.3202,21.0794,102.0678,80.98840000000001,17.598475418077,0.0,66.916474505412,0.0,0.0,18.815196777549,0.0,0.0,265.76808832561
TCA cycle,R26 net,SUCmit <-> FUMmit + UQH2,SUCD2_u6m and SUCD1m,tca_cycle,mitochondria,24.5216,5855.6,22.0621,27.2136,5.151499999999999,10.7918,0.6418,9.4542,12.2571,2.8028999999999993,439.5565,7.3946,406.0041,462.4079,56.40379999999999,0.0,0.0,90.792140921891,0.0,0.0,30.503266270379,0.0,0.0,942.73529599173
TCA cycle,R27 net,0.5*FUMmit + 0.5*FUMmit <-> 0.5*MALmit + 0.5*MALmit,FUMm,tca_cycle,mitochondria,30.7908,7352.7,28.4191,33.3866,4.967500000000001,14.3584,0.69,12.936,15.84,2.904,456.5855,7.168,425.8134,479.5243,53.71089999999998,19.156747108613,0.0,90.792140921892,0.0,0.0,30.50326627039,754.34478480209,0.0,942.73529599195
TCA cycle,R28 net,MALmit <-> OAAmit + NADH,MDHm,tca_cycle,mitochondria,48.1077,11488.0,45.9786,50.4378,4.459200000000003,24.2101,0.831,22.53,25.8675,3.3374999999999986,503.6239,6.5557,475.5228,524.8055,49.282700000000034,23.379575320781,-425.694547776166,373.859662815583,0.0,-220.946668153193,282.787228420079,242.6988462593,-1349.0780810516,1258.68728868096
pyruvate metabolism,R29 net,MALmit <-> PYRmit + CO2 + NADH,ME1m,anaplerotic,mitochondria,-17.3169,4135.2,-17.5585,-15.7027,1.8557999999999986,-9.8517,0.1655,-10.143,-9.5186,0.6244000000000014,4.2838e-08,0.0,-31.3045,192.0293,223.3338,0.0,0.0,227.999999997979,0.0,0.0,89.765313854178,0.0,0.0,829.9999999987599
pyruvate metabolism,R31,PYRcyt + CO2 + ATP -> OAAcyt,PC,anaplerotic,cytosol,6.7591,1614.0,3.6061,10.1343,6.5282,5.2691,0.4684,4.437,6.0864,1.6494,1.2973e-06,0.0,0.0,29.8293,29.8293,22.231476710394,2.618498531063,249.191516159986,16.415122153272,1.57541238926,100.386525678857,217.47663538663002,190.58580282844002,1036.39042780699
pyruvate metabolism,R35,AA -> AC + NADH,ALDD2y,acetate_metabolism ,cytosol,5.6341,1345.4,2.2296,7.56,5.330399999999999,1e-07,1.6411e-11,0.0,0.3292,0.3292,3.5468e-07,5.2909e-11,0.0,7.871,7.871,0.0,0.0,108.51609855953,0.0,0.0,36.164347012472,0.0,0.0,131.41468219058999
pyruvate metabolism,R36,AA -> AC + NADPH,,acetate_metabolism ,cytosol,9.3296e-07,2.0371e-11,0.0,3.4234,3.4234,1.4705,0.1806,0.0,1.7996,1.7996,3.5777e-07,8.0773e-12,0.0,7.8683,7.8683,,,,,,,,,
pyruvate metabolism,R37 net,AC + ATP <-> ACCOAcyt,ACS or reverse_ACOAH,acetate_metabolism ,cytosol,8.8783,2120.1,6.4472,11.8996,5.4524,3.3161,0.1956,2.6006,3.6837,1.0831,8.8122,0.1355,8.3911,17.2731,8.882,0.0,0.0,94.955451865097,0.22351458299,0.0,32.828981441225,1.4154715102400002,0.0,126.93394496009
glyoxylate shunt,R41.2 net,CITcyt <-> ICTcyt,,,,24.5216,5855.6,22.0618,26.9564,4.894599999999997,10.7918,0.6418,9.4542,11.9515,2.497299999999999,406.3551,21.2079,347.3546,422.2887,74.9341,,,,,,,,,
glyoxylate shunt,R43.2,ICTcyt -> GLYOXYcyt + SUCcyt,ICL,glyoxylate_shunt,cytosol,24.5216,5855.6,22.0618,26.9564,4.894599999999997,10.7918,0.6418,9.4542,11.9515,2.497299999999999,406.3551,21.2079,347.3546,422.2887,74.9341,1.558271690536,0.0,88.894037978597,0.0,0.0,30.503266270362,559.04722200326,502.12886251392,892.76991501297
glyoxylate shunt,R45,ACCOAcyt + GLYOXYcyt -> MALcyt,MALSp,glyoxylate_shunt,cytosol,24.5216,5855.6,22.0618,26.9564,4.894599999999997,10.7918,0.6418,9.4542,11.9515,2.497299999999999,406.3551,21.2079,347.3546,422.2887,74.9341,0.0,0.0,0.0,0.0,0.0,0.0,0.0,0.0,0.0
glyoxylate shunt,R46,MALcyt -> OAAcyt + NADH,MDH,tca_cycle,cytosol,24.5216,5855.6,21.9801,26.9565,4.976399999999998,10.7918,0.6418,9.4543,11.9516,2.497299999999999,359.3168,21.5861,193.4355,375.1548,181.71930000000003,0.0,-402.828794998469,422.234806065509,11.133993705538,-277.363326560959,232.373150293103,1296.82974344119,280.73428490459,2794.2192510457103
compartment transport,R18,PYRcyt -> PYRmit,PYRt2m,transport,mitochondria,130.4761,31157.0,126.5883,134.2621,7.6738,69.6459,1.9442,65.986,72.997,7.010999999999996,135.3748,20.4608,0.0,190.5844,190.5844,84.701328185434,-131.471108536318,149.782263890469,19.546866173715,-61.496069488166,50.578142191553,18.689490751130002,-823.84091429259,195.78870036517
compartment transport,R42 net,ACCOAcyt <-> ACCOAmit,,,,-24.4552,5839.8,-27.3447,-21.3154,6.029299999999999,-12.4888,0.647,-13.6291,-11.3746,2.2545,478.5212,21.0901,460.3607,536.8271,76.46639999999996,,,,,,,,,
compartment transport,cit transp,CITmit -> CITcyt,CITtam or CITtbm or CITtcm,transport,mitochondria,24.5216,5855.6,22.0618,26.9564,4.894599999999997,10.7918,0.6418,9.4542,11.9515,2.497299999999999,406.3551,21.2079,347.3546,422.2887,74.9341,-11.914644079961,-1224.103767524222,1042.295927737499,-4.414255252627,-1077.98752631238,1012.83488970149,-248.41347850321998,-10708.31724330162,10298.25851424939
compartment transport,R44,SUCcyt -> SUCmit,SUCCtm,transport,mitochondria,24.5216,5855.6,22.0618,26.9564,4.894599999999997,10.7918,0.6418,9.4542,11.9515,2.497299999999999,406.3551,21.2079,347.3546,422.2887,74.9341,0.0,0.0,90.79214092189,0.0,0.0,30.50326627038,0.0,0.0,942.73529599173
compartment transport,R47,MALcyt -> MALmit,MALtm or reverse_CITtam or reverse_DICtm,transport,mitochondria,1.0371e-06,6.0009e-11,0.0,1.5902,1.5902,8.6614e-07,5.1954e-11,0.0,0.2516,0.2516,47.0383,0.7233,23.8429,242.8625,219.01960000000003,4.222828212168,-634.53504487998,603.717636731355,7.3068513319849995,-297.364899673289,363.922163401124,-505.93130629887,-3825.9614237965898,2461.54538381145
amino acid biosynthesis,R48,G3P -> SER + NADH,,,,8.0115,1913.1,6.4433,9.2753,2.832,5.4252,0.1051,5.2222,5.7644,0.5422000000000002,29.4138,0.4523,23.7951,34.9333,11.138200000000001,,,,,,,,,
amino acid biosynthesis,R50 net,SER <-> GLY + MTHF,,,,1.9835,473.6393,0.4449,3.2216,2.7767,1.9958,0.0824,1.8583,2.3313,0.4730000000000001,13.0397,0.2005,8.3851,15.4853,7.100200000000001,,,,,,,,,
amino acid biosynthesis,R51 net,CO2 + MTHF + NADH <-> GLY,,,,-2.9267,698.8722,-4.4434,-1.7069,2.7364999999999995,-0.7976,0.0907,-0.9635,-0.448,0.5155000000000001,-0.2977,0.0046,-4.2207,-0.2835,3.9372,,,,,,,,,
amino acid biosynthesis,R52,AKG + NADPH -> GLU,,,,94.7397,22623.0,92.3063,97.607,5.300700000000006,52.163,0.9414,50.188,53.9,3.711999999999996,242.039,3.7216,226.1604,287.481,61.320599999999985,,,,,,,,,
amino acid biosynthesis,R53,GLU + ATP -> GLN,,,,16.5936,3962.5,16.339,16.8262,0.4872000000000014,9.4401,0.1586,9.1348,9.7194,0.5846,45.0734,0.6931,42.92,53.5315,10.6115,,,,,,,,,
amino acid biosynthesis,R54,GLU + ATP + 2*NADPH -> PRO,,,,3.7264,889.852,3.6693,3.7787,0.10940000000000039,2.12,0.0356,2.0514,2.1827,0.13129999999999997,10.1222,0.1556,9.6386,12.0216,2.382999999999999,,,,,,,,,
amino acid biosynthesis,R55,GLU + GLU + CO2 + GLN + ASP + 5*ATP + NADPH -> AKG + ARG + GLU + FUMmit,,,,3.8141,910.7897,3.7556,3.8676,0.1120000000000001,2.1699,0.0365,2.0997,2.234,0.13430000000000009,10.3603,0.1593,9.8654,12.3045,2.4391000000000016,,,,,,,,,
amino acid biosynthesis,R56,OAAcyt + GLU -> ASP + AKG,,,,31.2807,7469.7,28.9011,34.2226,5.3215,16.061,0.3601,15.1219,16.7703,1.6483999999999988,69.6643,1.0712,66.335,85.3248,18.989800000000002,,,,,,,,,
amino acid biosynthesis,R58,ASP + GLN -> ASN + GLU,,,,4.2964,1025.9,4.2304,4.3566,0.12619999999999987,2.4442,0.0411,2.3651,2.5165,0.1514000000000002,11.6703,0.1794,11.1127,13.8602,2.7475000000000005,,,,,,,,,
amino acid biosynthesis,R60,PYRmit + GLU -> ALA + AKG,,,,6.4445,1538.9,6.3457,6.5349,0.18920000000000048,3.6663,0.0616,3.5477,3.7748,0.22710000000000008,17.5054,0.2692,16.6691,20.7903,4.121199999999998,,,,,,,,,
amino acid biosynthesis,R61,ASP + 2*ATP + 2*NADPH -> THR,,,,13.9638,3334.5,11.5474,16.9646,5.417200000000001,6.2093,0.2257,5.4591,6.6547,1.1955999999999998,22.626,0.3479,21.5447,32.5275,10.982800000000005,,,,,,,,,
amino acid biosynthesis,R62 net,THR <-> GLY + AA + NADH,,,,5.6341,1345.4,3.1928,8.6685,5.4757,1.4705,0.1806,0.7722,1.7997,1.0275,7.1245e-07,4.1395e-11,,7.8711,,,,,,,,,,
amino acid biosynthesis,R63,SER + ACCOAcyt + 3*ATP + 4*NADPH -> CYS + AC,,,,0.7891,188.4392,0.777,0.8002,0.0232,0.4489,0.0075,0.4344,0.4622,0.02779999999999999,2.1435,0.033,2.0411,2.5458,0.5046999999999997,,,,,,,,,
amino acid biosynthesis,R64,ASP + MTHF + ACCOAcyt + 2*NADPH -> MET + AC,,,,2.4551,586.2554,2.4174,2.4895,0.07209999999999983,1.3967,0.0235,1.3515,1.438,0.08650000000000002,6.6687,0.1025,6.3501,7.9201,1.5699999999999994,,,,,,,,,
amino acid biosynthesis,R65,AKG + ACCOAcyt + GLU + GLU -> LYS + CO2 + AKG + AKG,,,,5.5677,1329.5,5.4823,5.6458,0.16349999999999998,3.1675,0.0532,3.065,3.2612,0.19620000000000015,15.1237,0.2325,14.4012,17.9617,3.560500000000001,,,,,,,,,
amino acid biosynthesis,R67,PYRmit + PYRmit + GLU + NADPH -> VAL + CO2 + AKG,,,,4.8444,1156.8,4.77,4.9123,0.14230000000000054,2.756,0.0463,2.6668,2.8375,0.17070000000000007,13.1588,0.2023,12.5302,15.6281,3.097899999999999,,,,,,,,,
amino acid biosynthesis,R69,PEP + PEP + E4P + GLU + ATP + NADPH -> PHE + CO2 + AKG,,,,3.8141,910.7897,3.7556,3.8676,0.1120000000000001,2.1699,0.0365,2.0997,2.234,0.13430000000000009,10.3603,0.1593,9.8654,12.3045,2.4391000000000016,,,,,,,,,
amino acid biosynthesis,R70,PEP + PEP + E4P + GLU + ATP + NADPH -> TYR + CO2 + AKG,,,,2.4551,586.2554,2.4174,2.4895,0.07209999999999983,1.3967,0.0235,1.3515,1.438,0.08650000000000002,6.6687,0.1025,6.3501,7.9201,1.5699999999999994,,,,,,,,,
amino acid biosynthesis,R71.2,SER + R5P + PEP + E4P + PEP + GLN + 3*ATP + NADPH -> TRP + CO2 + GAP + PYRcyt + GLU,,,,0.7891,188.4392,0.777,0.8002,0.0232,0.4489,0.0075,0.4344,0.4622,0.02779999999999999,2.1435,0.033,2.0411,2.5458,0.5046999999999997,,,,,,,,,
amino acid biosynthesis,R72.2,R5P + MTHF + GLN + ASP + 5*ATP -> HIS + AKG + FUMmit + 2*NADH,,,,2.4551,586.2554,2.4174,2.4895,0.07209999999999983,1.3967,0.0235,1.3515,1.438,0.08650000000000002,6.6687,0.1025,6.3501,7.9201,1.5699999999999994,,,,,,,,,
amino acid biosynthesis,R76,PYRmit + THR + GLU + NADPH -> ILE + CO2 + AKG,,,,3.4853,832.2733,3.4318,3.5342,0.10239999999999982,1.9828,0.0333,1.9187,2.0415,0.12280000000000002,9.4672,0.1456,9.0149,11.2437,2.2287999999999997,,,,,,,,,
amino acid biosynthesis,R77,ACCOAmit + PYRmit + PYRmit + GLU + NADPH -> LEU + CO2 + CO2 + AKG,,,,6.9925,1669.8,6.8853,7.0905,0.2051999999999996,3.9781,0.0668,3.8494,4.0957,0.24629999999999974,18.994,0.2921,18.0865,22.5582,4.4716999999999985,,,,,,,,,
biomass formation,R80 steph AC,0.294*ALA + 0.174*ARG + 0.196*ASN + 0.196*ASP + 0.036*CYS + 0.239*GLN + 0.239*GLU + 0.214*GLY + 0.112*HIS + 0.159*ILE + 0.319*LEU + 0.254*LYS + 0.112*MET + 0.174*PHE + 0.17*PRO + 0.203*SER + 0.221*THR + 0.036*TRP + 0.112*TYR + 0.221*VAL -> Biomass,biomass_C,biomass_formation,cytosol,21.9202,5234.4,21.5839,22.2274,0.6434999999999995,12.4705,0.2095,12.0671,12.8393,0.7721999999999998,59.5422,0.9155,56.6975,70.7154,14.017900000000004,11.398166174414,10.258349556973,11.398166174402,4.66984653044,4.202861877396,4.669846530463,29.57316982462,26.615852842160002,29.57316982461
energy metabolism,R81,ATP -> ATP_maintenance,ATPM,energy_metabolism,cytosol,733.5088,175160.0,708.6899,760.4903,51.80040000000008,353.9727,15.7328,325.9231,384.5208,58.59770000000003,3855.5,68.0696,2990.6,4113.3,1122.7000000000003,0.0,0.0,170.999999998814,0.0,0.0,67.323985390412,0.0,0.0,622.49999999969
,R82,NADH -> NADPH,,,,1.1129e-06,7.7961e-12,0.0,3.4234,3.4234,48.8442,178610.0,23.6097,86.6691,63.0594,1e-07,9.6036e-12,0.0,464.9737,464.9737,,,,,,,,,
,R83,NADH -> 2*ATP,,,,344.1447,82180.0,334.5028,354.682,20.179200000000037,115.3919,8.449,100.6763,131.6644,30.988100000000003,1594.6,28.64,1200.8,1680.1,479.29999999999995,,,,,,,,,
,R84,UQH2 -> ATP,,,,24.5216,5855.6,22.0621,27.2136,5.151499999999999,110.7918,0.6418,109.4544,112.2571,2.8026999999999873,439.5565,7.3946,406.0041,462.4079,56.40379999999999,,,,,,,,,
,R85,FADH2 -> ATP,,,,,,,,,,,,,,700.0,1.5408e-10,,,0.0,,,,,,,,,
,R79,CO2 -> CO2_EX,reverse_CO2t,transport,extracellular,195.3095,46639.0,189.6374,201.5177,11.880299999999977,69.7701,3.8675,62.961,77.2193,14.258300000000006,700.7323,16.9024,494.442,753.263,258.821,167.905908227117,128.454918557225,211.115317403997,39.237883656721,19.606548119862,56.549744149851,678.90745768994,584.33285628356,791.0172755323999
